rowID,NewID,Group,Family,Genus,Species,subsp.var.f.hybrid,subsp..Name,Cleaned.family,Cleaned.genus,Cleaned.species,Cleaned.binomial,Phylocom,Plant.organ,Developmental.stage,Growth.form,Natural...Greenhouse,Mega...meso...micro...nanophanerophyte,Height.max..m.,Height.actual..m.,P50..MPa.,P12..MPa.,P88..MPa.,P88.P12,Slope,Curve,Equation,P50.method,Ks..kg.m.1.MPa.1.s.1.,KL..kg.m.1.MPa.1.s.1.,X.p.min.predawn..MPa.,X.p.min.midday..MPa.,Huber.value,Sapwood.capacitance...kg.m.3.MPa.1.,Av..tracheid.length...m.,Av..vessel.length..cm.,Max.vessel.length..cm.,Av..conduit.diameter...m.,dh.mean.hydraulic.diameter...m.,Conduit.density.per.mm2,Vulnerability.index.sensu.Carlquist..vessel.diamter...vessel.frequency.,Vessel.grouping.index,Ac..intervessel.contact.fraction.,Interconduit.pit.size...m.,Outer.pit.aperture.diameter...m.,Aperture.pit.size,Pit.membrane.thickness..nm.,Torus.diameter...m.,Torus.aperture,Torus.thickness..nm.,Vestures,Fp..pit.fraction.,Ap..interconduit.pit..membrane..area.mm2.,Porosity,Perforation.plates,Ground.tissue,Vasicentric.tracheids,Vessel.groupings,MOR,EI,MOE,t..interconduit.cell.wall.thickness...m.,X.t.b.2,X...g.cm3.,SLA..cm2.g.1.,Total.stomata.density,Stomatal.index,Gs..mol.m.2.s.1.,Phenology,Phenology2,Amax..micromol.m2.s.,X.13C,TLP..MPa.,Location,Country,Latitude,Longitude,Provenance.Latitude,Provenance.Longitude,Altitude..m.,Altitude.provenance..m.,MAP..mean.annual.precipitation..mm.,MAT..mean.annual.temperature...C..,Evapotranspiration,De.Martonne.s.aridity.index....P.T.10.,Biome,Reference,Contributor.name,Notes,ELEVsource..m.,Site,LATnew,LONnew,Country.1,site.name,Location.1,ELEVbest,MATbest,PPTbest,RHav,SUNav,FRSsum,MATjan,MATfeb,MATmar,MATapr,MATmay,MATjun,MATjul,MATaug,MATsep,MAToct,MATnov,MATdec,PPTjan,PPTfeb,PPTmar,PPTapr,PPTmay,PPTjun,PPTjul,PPTaug,PPTsep,PPToct,PPTnov,PPTdec,RHjan,RHfeb,RHmar,RHapr,RHmay,RHjun,RHjul,RHaug,RHsep,RHoct,RHnov,RHdec,SUNjan,SUNfeb,SUNmar,SUNapr,SUNmay,SUNjun,SUNjul,SUNaug,SUNsep,SUNoct,SUNnov,SUNdec,FRSjan,FRSfeb,FRSmar,FRSapr,FRSmay,FRSjun,FRSjul,FRSaug,FRSsep,FRSoct,FRSnov,FRSdec,ELEVsource..m..1,ELEVcru,ELEVwc,PPTsource..mm.,PPTcru,PPTwc,MATsource..C..,MATcru,MATwc,MATcalc,redone,Ref_latCRU,Ref_lonCRU,LATold,LONold,comment,comm2,avg.annual.AI,avg.annual.AI2,avg.annual.PET..mm...yr.
50,42,Angiosperm,Salicaceae,Populus,tremuloides,,,Salicaceae,Populus,tremuloides,Populus tremuloides,populus_tremuloides,S,A,T,N,,NA,NA,-2.744,NA,-4.537,-4.537,21.1935304,S,,DH,NA,NA,NA,-2.01,NA,NA,NA,NA,NA,NA,NA,NA,,NA,NA,,,,NA,,NA,NA,non-vestured,NA,NA,diffuse-porous,simple,fibres,no,RM,,NA,,NA,NA,NA,NA,NA,NA,NA,W,,NA,NA,NA,"Wasatch Mountains, Brighton, Utah",USA,40 36 13.82 N,111 34 55.71 W,,,2825,NA,,NA,NA,,TMS,Sperry & Sullivan 1992,Amy Zanne,No a freeze/thaw cycle was not used when calculating vulnerability curves.,2825,275,40.604,-111.582,USA,USA_Ut_Brighton,"Wasatch Mountains, Brighton, Utah",2825,1.8,956,54.2,65.3,239.8,-7.6,-6.7,-4.9,-0.8,4.2,9.5,14,13.1,8.5,3.3,-3.3,-7.2,112,107,119,89,66,40,38,45,52,70,106,112,69.9,66.1,57.2,50,47.2,41.3,39.9,42.4,47.3,54.4,64.3,70.1,53.2,60.5,64.5,65.8,67.3,73.9,75.1,74.6,74.8,70.6,54.2,49.6,31,28.3,30.4,24.9,16.9,8.2,3.3,4.1,10.9,21.9,28.9,31,2825,2631,2667,NA,1058,956,NA,3.3,2.7,NA,NA,40.583,-111.583,NA,NA,scale WC,WC,1.206,1.207,792
51,43,Angiosperm,Salicaceae,Populus,tremuloides,,,Salicaceae,Populus,tremuloides,Populus tremuloides,populus_tremuloides,S,A,T,N,,NA,NA,-1.145,-0.259,NA,NA,NA,E,,BD with freeze thaw,NA,NA,NA,NA,NA,NA,NA,NA,NA,NA,NA,NA,,NA,NA,,,,NA,,NA,NA,non-vestured,NA,NA,diffuse-porous,simple,fibres,no,RM,,NA,,NA,NA,NA,NA,NA,NA,NA,W,,NA,NA,NA,"Wasatch Mountains, Brighton, Utah",USA,40 36 13.82 N,111 34 55.71 W,,,2825,NA,,NA,NA,,TMS,Sperry & Sullivan 1992,Amy Zanne,Yes a freeze/thaw cycle was used when calculating vulnerability curves. Plants collected in winter.,2825,275,40.604,-111.582,USA,USA_Ut_Brighton,"Wasatch Mountains, Brighton, Utah",2825,1.8,956,54.2,65.3,239.8,-7.6,-6.7,-4.9,-0.8,4.2,9.5,14,13.1,8.5,3.3,-3.3,-7.2,112,107,119,89,66,40,38,45,52,70,106,112,69.9,66.1,57.2,50,47.2,41.3,39.9,42.4,47.3,54.4,64.3,70.1,53.2,60.5,64.5,65.8,67.3,73.9,75.1,74.6,74.8,70.6,54.2,49.6,31,28.3,30.4,24.9,16.9,8.2,3.3,4.1,10.9,21.9,28.9,31,2825,2631,2667,NA,1058,956,NA,3.3,2.7,NA,NA,40.583,-111.583,NA,NA,scale WC,WC,1.206,1.207,792
52,44,Angiosperm,Salicaceae,Populus,tremuloides,,,Salicaceae,Populus,tremuloides,Populus tremuloides,populus_tremuloides,S,A,T,N,,NA,NA,-0.497,NA,NA,NA,NA,E,,BD with freeze thaw,NA,NA,NA,NA,NA,NA,NA,NA,NA,NA,NA,NA,,NA,NA,,,,NA,,NA,NA,non-vestured,NA,NA,diffuse-porous,simple,fibres,no,RM,,NA,,NA,NA,NA,NA,NA,NA,NA,W,,NA,NA,NA,"Wasatch Mountains, Brighton, Utah",USA,40 36 13.82 N,111 34 55.71 W,,,2825,NA,,NA,NA,,TMS,Sperry & Sullivan 1992,Amy Zanne,Yes a freeze/thaw cycle was used when calculating vulnerability curves. Plants collected in fall.,2825,275,40.604,-111.582,USA,USA_Ut_Brighton,"Wasatch Mountains, Brighton, Utah",2825,1.8,956,54.2,65.3,239.8,-7.6,-6.7,-4.9,-0.8,4.2,9.5,14,13.1,8.5,3.3,-3.3,-7.2,112,107,119,89,66,40,38,45,52,70,106,112,69.9,66.1,57.2,50,47.2,41.3,39.9,42.4,47.3,54.4,64.3,70.1,53.2,60.5,64.5,65.8,67.3,73.9,75.1,74.6,74.8,70.6,54.2,49.6,31,28.3,30.4,24.9,16.9,8.2,3.3,4.1,10.9,21.9,28.9,31,2825,2631,2667,NA,1058,956,NA,3.3,2.7,NA,NA,40.583,-111.583,NA,NA,scale WC,WC,1.206,1.207,792
53,45,Angiosperm,Salicaceae,Populus,tremuloides,,,Salicaceae,Populus,tremuloides,Populus tremuloides,populus_tremuloides,S,A,T,N,,NA,NA,,NA,NA,NA,NA,,,,NA,NA,NA,NA,NA,NA,NA,NA,8,NA,NA,NA,,NA,NA,,,,NA,,NA,NA,non-vestured,NA,NA,diffuse-porous,simple,fibres,no,RM,,NA,,NA,NA,NA,NA,NA,NA,NA,W,,NA,NA,NA,"Wasatch Mountains, Brighton, Utah",USA,40 36 13.82 N,111 34 55.71 W,,,2825,NA,,NA,NA,,TMS,Sperry & Sullivan 1992,Amy Zanne,Data in text not connected to particular specimens,2825,275,40.604,-111.582,USA,USA_Ut_Brighton,"Wasatch Mountains, Brighton, Utah",2825,1.8,956,54.2,65.3,239.8,-7.6,-6.7,-4.9,-0.8,4.2,9.5,14,13.1,8.5,3.3,-3.3,-7.2,112,107,119,89,66,40,38,45,52,70,106,112,69.9,66.1,57.2,50,47.2,41.3,39.9,42.4,47.3,54.4,64.3,70.1,53.2,60.5,64.5,65.8,67.3,73.9,75.1,74.6,74.8,70.6,54.2,49.6,31,28.3,30.4,24.9,16.9,8.2,3.3,4.1,10.9,21.9,28.9,31,2825,2631,2667,NA,1058,956,NA,3.3,2.7,NA,NA,40.583,-111.583,NA,NA,scale WC,WC,1.206,1.207,792
82,72,Angiosperm,Salicaceae,Populus,tremuloides,,,Salicaceae,Populus,tremuloides,Populus tremuloides,populus_tremuloides,S,A,T,N,,NA,NA,-2.68,NA,-4.547,-4.547,20.3535083,S,,DH,NA,NA,NA,-2.01,NA,NA,NA,NA,NA,NA,NA,NA,,NA,NA,,,,NA,,NA,NA,non-vestured,NA,NA,diffuse-porous,simple,fibres,no,RM,,NA,,NA,NA,NA,NA,NA,NA,NA,W,,NA,NA,NA,"Wasatch Mountains, Brighton, Utah",USA,40 36' N,111 34' W,,,2825,NA,,NA,NA,,TMS,Sperry et al. 1994,Amy Zanne,No freeze/thaw treatment for calculating vulnerability curve.,2825,275,40.604,-111.582,USA,USA_Ut_Brighton,"Wasatch Mountains, Brighton, Utah",2825,1.8,956,54.2,65.3,239.8,-7.6,-6.7,-4.9,-0.8,4.2,9.5,14,13.1,8.5,3.3,-3.3,-7.2,112,107,119,89,66,40,38,45,52,70,106,112,69.9,66.1,57.2,50,47.2,41.3,39.9,42.4,47.3,54.4,64.3,70.1,53.2,60.5,64.5,65.8,67.3,73.9,75.1,74.6,74.8,70.6,54.2,49.6,31,28.3,30.4,24.9,16.9,8.2,3.3,4.1,10.9,21.9,28.9,31,2825,2631,2667,NA,1058,956,NA,3.3,2.7,NA,NA,40.583,-111.583,NA,NA,scale WC,WC,1.206,1.207,792
83,73,Angiosperm,Salicaceae,Populus,tremuloides,,,Salicaceae,Populus,tremuloides,Populus tremuloides,populus_tremuloides,S,A,T,N,,NA,NA,-0.581,NA,-2.397,-2.397,20.92511013,E,,BD with freeze thaw,NA,NA,NA,NA,NA,NA,NA,NA,NA,NA,NA,NA,,NA,NA,,,,NA,,NA,NA,non-vestured,NA,NA,diffuse-porous,simple,fibres,no,RM,,NA,,NA,NA,NA,NA,NA,NA,NA,W,,NA,NA,NA,"Wasatch Mountains, Brighton, Utah",USA,40 36' N,111 34' W,,,2825,NA,,NA,NA,,TMS,Sperry et al. 1994,Amy Zanne,Yes freeze/thaw treatment for calculating vulnerability curve.,2825,275,40.604,-111.582,USA,USA_Ut_Brighton,"Wasatch Mountains, Brighton, Utah",2825,1.8,956,54.2,65.3,239.8,-7.6,-6.7,-4.9,-0.8,4.2,9.5,14,13.1,8.5,3.3,-3.3,-7.2,112,107,119,89,66,40,38,45,52,70,106,112,69.9,66.1,57.2,50,47.2,41.3,39.9,42.4,47.3,54.4,64.3,70.1,53.2,60.5,64.5,65.8,67.3,73.9,75.1,74.6,74.8,70.6,54.2,49.6,31,28.3,30.4,24.9,16.9,8.2,3.3,4.1,10.9,21.9,28.9,31,2825,2631,2667,NA,1058,956,NA,3.3,2.7,NA,NA,40.583,-111.583,NA,NA,scale WC,WC,1.206,1.207,792
84,74,Angiosperm,Salicaceae,Populus,tremuloides,,,Salicaceae,Populus,tremuloides,Populus tremuloides,populus_tremuloides,S,A,T,N,,NA,NA,,-1.368,NA,NA,NA,S,,DH,NA,NA,NA,NA,NA,NA,NA,NA,NA,NA,NA,NA,,NA,NA,,,,NA,,NA,NA,non-vestured,NA,NA,diffuse-porous,simple,fibres,no,RM,,NA,,NA,NA,NA,NA,NA,NA,NA,W,,NA,NA,NA,"Bonanza Creek, Alaska",USA,65 06' N,146 46' W,,,330,NA,,NA,NA,,TMS,Sperry et al. 1994,Amy Zanne,No freeze/thaw treatment for calculating vulnerability curve.,330,172,65.1,-146.767,USA,USA_Ak_Bonanza,"Bonanza Creek, Alaska",330,-4.1,299,66.6,42,253,-24.6,-20.6,-13.6,-2.6,7.7,14.5,15.9,13.1,6.3,-5,-16.7,-23.7,18,15,12,8,17,42,53,49,30,19,18,18,68.6,68.1,62.6,59.4,52.7,57.9,65.3,71,71,76.6,73.2,72.2,37.1,48.1,55.5,53.5,50.7,43.8,41.5,36.3,38.1,31.2,36.4,31.3,31,28.3,31,29.2,15.6,4.1,1.6,4.2,16,31,30,31,330,577,517,NA,281,299,NA,-5.4,-5.2,NA,NA,65.083,-146.75,NA,NA,scale WC,WC,0.592,0.592,505
85,75,Angiosperm,Salicaceae,Populus,tremuloides,,,Salicaceae,Populus,tremuloides,Populus tremuloides,populus_tremuloides,S,A,T,N,,NA,NA,-1.274,NA,NA,NA,NA,E,,BD with freeze thaw,NA,NA,NA,NA,NA,NA,NA,NA,NA,NA,NA,NA,,NA,NA,,,,NA,,NA,NA,non-vestured,NA,NA,diffuse-porous,simple,fibres,no,RM,,NA,,NA,NA,NA,NA,NA,NA,NA,W,,NA,NA,NA,"Bonanza Creek, Alaska",USA,65 06' N,146 46' W,,,330,NA,,NA,NA,,TMS,Sperry et al. 1994,Amy Zanne,Yes freeze/thaw treatment for calculating vulnerability curve.,330,172,65.1,-146.767,USA,USA_Ak_Bonanza,"Bonanza Creek, Alaska",330,-4.1,299,66.6,42,253,-24.6,-20.6,-13.6,-2.6,7.7,14.5,15.9,13.1,6.3,-5,-16.7,-23.7,18,15,12,8,17,42,53,49,30,19,18,18,68.6,68.1,62.6,59.4,52.7,57.9,65.3,71,71,76.6,73.2,72.2,37.1,48.1,55.5,53.5,50.7,43.8,41.5,36.3,38.1,31.2,36.4,31.3,31,28.3,31,29.2,15.6,4.1,1.6,4.2,16,31,30,31,330,577,517,NA,281,299,NA,-5.4,-5.2,NA,NA,65.083,-146.75,NA,NA,scale WC,WC,0.592,0.592,505
155,145,Angiosperm,Salicaceae,Populus,trichocarpa,,,Salicaceae,Populus,trichocarpa,Populus trichocarpa,populus_trichocarpa,S,A,T,C,1,40,2,-0.909099426,-0.380940484,-1.399789985,-1.018849501,77.44188125,S,,AD,NA,NA,NA,-2.197859873,NA,NA,NA,NA,NA,NA,NA,NA,,2.2,NA,,,,NA,,NA,NA,non-vestured,NA,NA,diffuse-porous,simple,fibres,no,,,NA,,NA,NA,NA,NA,NA,NA,NA,W,,NA,NA,NA,"Coastal cascades, Washington",USA,47 10' N,122 18' W,46 47' N,121 44' W,30,609.6,,NA,NA,,TMR,Sparks & Black 1999,Brendan Choat,Nisqually (Coastal wet site),30,308,47.167,-122.3,USA,USA_Wa_cascades,"Coastal cascades, Washington",30,10.8,1069,73.4,46.1,67.6,4,6.1,7.3,9.5,12.8,16,18.1,18.1,15.4,11,6.8,4.4,154,112,104,80,53,48,23,35,53,92,155,159,80,76.9,74.1,70.5,68.1,66.3,64.3,67,72.4,78.8,81.1,81.8,25.5,37.4,48.4,51,54.7,57,65.7,64.6,59.3,43.1,26.1,20.5,13.7,10.4,8.7,5.5,3.1,0.3,0,0,0.6,4.3,8.2,12.8,30,77,107,NA,1069,1040,NA,10.5,10.2,NA,NA,47.25,-122.25,NA,NA,scale CRU,cru,1.15,1.182,904
156,146,Angiosperm,Salicaceae,Populus,trichocarpa,,,Salicaceae,Populus,trichocarpa,Populus trichocarpa,populus_trichocarpa,S,A,T,C,1,40,2,-1.48,-1.081433951,-1.794733627,-0.713299676,120.7370193,S,,AD,NA,NA,NA,-2.930893245,NA,NA,NA,NA,NA,NA,NA,NA,,2.2,NA,,,,NA,,NA,NA,non-vestured,NA,NA,diffuse-porous,simple,fibres,no,,,NA,,NA,NA,NA,NA,NA,NA,NA,W,,NA,NA,NA,"Inland cascades, Washington",USA,47 10' N,122 18' W,46 48' N,116 27' W,30,853.44,,NA,NA,,TMR,Sparks & Black 1999,Brendan Choat,Palouse (Inland dry site),30,308,47.167,-122.3,USA,USA_Wa_cascades,"Coastal cascades, Washington",30,10.8,1069,73.4,46.1,67.6,4,6.1,7.3,9.5,12.8,16,18.1,18.1,15.4,11,6.8,4.4,154,112,104,80,53,48,23,35,53,92,155,159,80,76.9,74.1,70.5,68.1,66.3,64.3,67,72.4,78.8,81.1,81.8,25.5,37.4,48.4,51,54.7,57,65.7,64.6,59.3,43.1,26.1,20.5,13.7,10.4,8.7,5.5,3.1,0.3,0,0,0.6,4.3,8.2,12.8,30,77,107,NA,1069,1040,NA,10.5,10.2,NA,NA,47.25,-122.25,NA,NA,scale CRU,cru,1.15,1.182,904
275,265,Angiosperm,Podocarpaceae,Populus,deltoides,,,Salicaceae,Populus,deltoides,Populus deltoides,populus_deltoides,S,A,T,N,1,25,15,-1.3,-0.8,-1.7,-0.9,95,S,,DH,NA,NA,NA,NA,NA,NA,NA,NA,NA,NA,NA,NA,,NA,NA,,,,NA,,NA,NA,non-vestured,NA,NA,diffuse-porous,simple,fibres,no,RM,,NA,,NA,NA,NA,NA,NA,NA,NA,W,,NA,NA,NA,Champenoux,France,48.75145,6.337966667,48.75145,6.337966667,263,263,,NA,NA,,TMS,Cochard et al. 1992b,Cochard,,263,92,48.751,6.338,France,FR_Champenoux,Champenoux,263,9.4,766,78.8,34.6,79.7,0.8,2.1,5.1,8.6,12.5,15.9,17.8,17.3,14.7,10.1,4.9,2,64,57,55,50,71,75,64,72,62,58,66,72,91.9,84.6,76.2,69.3,71.3,71.7,71.1,73.4,77,82.3,87.7,89.1,16.8,28.4,33,39.3,42,44.4,49.5,47.7,43.5,32.1,20.8,17.8,17.8,15.7,12,4.8,0.6,0.1,0.1,0.1,0.2,2.3,9.8,16.2,263,249,252,NA,793,766,NA,9.4,9.4,NA,NA,48.75,6.417,NA,NA,scale WC,WC,0.962,0.962,796
277,267,Angiosperm,Podocarpaceae,Populus,trichocarpa,,,Salicaceae,Populus,trichocarpa,Populus trichocarpa,populus_trichocarpa,S,S,T,G,1,40,1.5,-1.5,-1,-2.05,-1.05,69.09090909,S,,DH,NA,9.00E-04,NA,-1.4,NA,NA,NA,NA,NA,NA,NA,NA,,2.2,NA,,,,NA,,NA,NA,non-vestured,NA,NA,diffuse-porous,simple,fibres,no,,,NA,,NA,NA,NA,NA,NA,NA,NA,W,,NA,NA,NA,Champenoux,France,48.75145,6.337966667,,,263,NA,,NA,NA,,TMS,Cochard et al. 1996,Cochard,,263,92,48.751,6.338,France,FR_Champenoux,Champenoux,263,9.4,766,78.8,34.6,79.7,0.8,2.1,5.1,8.6,12.5,15.9,17.8,17.3,14.7,10.1,4.9,2,64,57,55,50,71,75,64,72,62,58,66,72,91.9,84.6,76.2,69.3,71.3,71.7,71.1,73.4,77,82.3,87.7,89.1,16.8,28.4,33,39.3,42,44.4,49.5,47.7,43.5,32.1,20.8,17.8,17.8,15.7,12,4.8,0.6,0.1,0.1,0.1,0.2,2.3,9.8,16.2,263,249,252,NA,793,766,NA,9.4,9.4,NA,NA,48.75,6.417,NA,NA,scale WC,WC,0.962,0.962,796
289,279,Angiosperm,Podocarpaceae,Populus,X BAL,BAL,,Salicaceae,Populus,X,Populus X,populus_x,S,A,T,C,2,20,7,-2.048,-1.783449735,-2.312550265,-0.529100529,143.64,S,PW,CA,NA,NA,NA,NA,NA,NA,NA,NA,NA,68.27211412,NA,NA,,NA,NA,,,,NA,,NA,NA,non-vestured,NA,NA,diffuse-porous,simple,fibres,no,,,NA,,4.444126789,0.00423727,0.406379102,87.4,NA,NA,NA,W,,NA,NA,NA,Surrey,UK,51.178652,-0.85149,,,100,NA,,NA,NA,,TMS,Cochard et al. 2007,Cochard,,100,169,51.179,-0.851,UK,UK_Surrey,Surrey,100,9.6,736,85.3,32.4,111.3,3.7,3.8,5.7,7.9,11.3,14.4,16.4,16.1,13.8,10.7,6.5,4.5,75,51,61,51,56,52,49,54,65,70,74,78,92.2,88.9,84.3,80.6,79.2,79,78.6,81,85.6,89.5,91.4,92.9,20.2,24.9,30.9,36.6,40.3,40.1,39,41.3,38.3,31.8,26,19.7,18.4,17.5,17.1,12.5,5.5,1.1,0.1,0.2,1.7,6.2,13.5,17.5,100,99,127,NA,736,829,NA,9.6,9.4,NA,NA,51.25,-0.917,NA,NA,scale CRU,cru,1.181,1.048,702
290,280,Angiosperm,Podocarpaceae,Populus,X FRI,FRI,,Salicaceae,Populus,X,Populus X,populus_x,S,A,T,C,2,20,7,-1.8666,-1.565395181,-2.167804819,-0.602409639,126.16,S,PW,CA,NA,NA,NA,NA,NA,NA,NA,NA,NA,70.11616107,NA,NA,,NA,NA,,,,NA,,NA,NA,non-vestured,NA,NA,diffuse-porous,simple,fibres,no,,,NA,,4.776233383,0.00464018,0.393808945,75.4,NA,NA,NA,W,,NA,NA,NA,Surrey,UK,51.178652,-0.85149,,,100,NA,,NA,NA,,TMS,Cochard et al. 2007,Cochard,,100,169,51.179,-0.851,UK,UK_Surrey,Surrey,100,9.6,736,85.3,32.4,111.3,3.7,3.8,5.7,7.9,11.3,14.4,16.4,16.1,13.8,10.7,6.5,4.5,75,51,61,51,56,52,49,54,65,70,74,78,92.2,88.9,84.3,80.6,79.2,79,78.6,81,85.6,89.5,91.4,92.9,20.2,24.9,30.9,36.6,40.3,40.1,39,41.3,38.3,31.8,26,19.7,18.4,17.5,17.1,12.5,5.5,1.1,0.1,0.2,1.7,6.2,13.5,17.5,100,99,127,NA,736,829,NA,9.6,9.4,NA,NA,51.25,-0.917,NA,NA,scale CRU,cru,1.181,1.048,702
291,281,Angiosperm,Podocarpaceae,Populus,X GAV,GAV,,Salicaceae,Populus,X,Populus X,populus_x,S,A,T,C,2,20,7,-1.9124,-1.685127273,-2.139672727,-0.454545455,167.2,S,PW,CA,NA,NA,NA,NA,NA,NA,NA,NA,NA,64.01895916,NA,NA,,NA,NA,,,,NA,,NA,NA,non-vestured,NA,NA,diffuse-porous,simple,fibres,no,,,NA,,4.419097556,0.004764858,0.411443999,85.5,NA,NA,NA,W,,NA,NA,NA,Surrey,UK,51.178652,-0.85149,,,100,NA,,NA,NA,,TMS,Cochard et al. 2007,Cochard,,100,169,51.179,-0.851,UK,UK_Surrey,Surrey,100,9.6,736,85.3,32.4,111.3,3.7,3.8,5.7,7.9,11.3,14.4,16.4,16.1,13.8,10.7,6.5,4.5,75,51,61,51,56,52,49,54,65,70,74,78,92.2,88.9,84.3,80.6,79.2,79,78.6,81,85.6,89.5,91.4,92.9,20.2,24.9,30.9,36.6,40.3,40.1,39,41.3,38.3,31.8,26,19.7,18.4,17.5,17.1,12.5,5.5,1.1,0.1,0.2,1.7,6.2,13.5,17.5,100,99,127,NA,736,829,NA,9.6,9.4,NA,NA,51.25,-0.917,NA,NA,scale CRU,cru,1.181,1.048,702
292,282,Angiosperm,Podocarpaceae,Populus,X GHO,GHO,,Salicaceae,Populus,X,Populus X,populus_x,S,A,T,C,2,20,7,-2.18525,-1.897893678,-2.472606322,-0.574712644,132.24,S,PW,CA,NA,NA,NA,NA,NA,NA,NA,NA,NA,65.2062579,NA,NA,,NA,NA,,,,NA,,NA,NA,non-vestured,NA,NA,diffuse-porous,simple,fibres,no,,,NA,,4.715425413,0.005229537,0.418412718,84.9,NA,NA,NA,W,,NA,NA,NA,Surrey,UK,51.178652,-0.85149,,,100,NA,,NA,NA,,TMS,Cochard et al. 2007,Cochard,,100,169,51.179,-0.851,UK,UK_Surrey,Surrey,100,9.6,736,85.3,32.4,111.3,3.7,3.8,5.7,7.9,11.3,14.4,16.4,16.1,13.8,10.7,6.5,4.5,75,51,61,51,56,52,49,54,65,70,74,78,92.2,88.9,84.3,80.6,79.2,79,78.6,81,85.6,89.5,91.4,92.9,20.2,24.9,30.9,36.6,40.3,40.1,39,41.3,38.3,31.8,26,19.7,18.4,17.5,17.1,12.5,5.5,1.1,0.1,0.2,1.7,6.2,13.5,17.5,100,99,127,NA,736,829,NA,9.6,9.4,NA,NA,51.25,-0.917,NA,NA,scale CRU,cru,1.181,1.048,702
293,283,Angiosperm,Podocarpaceae,Populus,X TRI,TRI,,Salicaceae,Populus,X,Populus X,populus_x,S,A,T,C,2,20,7,-1.942666667,-1.595444444,-2.289888889,-0.694444444,109.44,S,PW,CA,NA,NA,NA,NA,NA,NA,NA,NA,NA,67.96776447,NA,NA,,NA,NA,,,,NA,,NA,NA,non-vestured,NA,NA,diffuse-porous,simple,fibres,no,,,NA,,5.064360141,0.00555192,0.389170228,86.5,NA,NA,NA,W,,NA,NA,NA,Surrey,UK,51.178652,-0.85149,,,100,NA,,NA,NA,,TMS,Cochard et al. 2007,Cochard,,100,169,51.179,-0.851,UK,UK_Surrey,Surrey,100,9.6,736,85.3,32.4,111.3,3.7,3.8,5.7,7.9,11.3,14.4,16.4,16.1,13.8,10.7,6.5,4.5,75,51,61,51,56,52,49,54,65,70,74,78,92.2,88.9,84.3,80.6,79.2,79,78.6,81,85.6,89.5,91.4,92.9,20.2,24.9,30.9,36.6,40.3,40.1,39,41.3,38.3,31.8,26,19.7,18.4,17.5,17.1,12.5,5.5,1.1,0.1,0.2,1.7,6.2,13.5,17.5,100,99,127,NA,736,829,NA,9.6,9.4,NA,NA,51.25,-0.917,NA,NA,scale CRU,cru,1.181,1.048,702
341,331,Angiosperm,Podocarpaceae,Populus,alba,,,Salicaceae,Populus,alba,Populus alba,populus_alba,S,S,T,G,1,30,2,-1.52,-0.65,-2.3,-1.65,48.71794872,S,,PC-PLCs,NA,NA,NA,NA,NA,NA,NA,NA,NA,NA,NA,NA,,NA,NA,,,,NA,,NA,NA,non-vestured,NA,NA,diffuse-porous,simple,fibres,no,sol + RM,,NA,,NA,NA,NA,NA,NA,NA,NA,W,,NA,NA,NA,Clermont-Ferrand,France,45.776,3.144133333,45.776,3.144133333,336,336,,NA,NA,,TMS,Hukin et al. 2005,Cochard,,336,93,45.776,3.144,France,FR_Clermont_1,Clermont-Ferrand,336,10.9,618,76.1,41.3,85.9,2.8,3.8,7.4,10.1,13.5,17.1,19.1,18.9,16.3,11.4,6.9,3.5,34,30,31,43,87,71,51,75,63,53,43,37,87,82.3,75.3,70.5,73.3,70.4,64.7,68,72.4,79.2,83.8,86.2,27.9,33,38.7,41.2,40.9,47.9,56.2,53.5,53.1,42.5,32.5,28,17.1,14,12.8,6.4,2,0.9,0.5,0.5,0.9,2.9,10.4,17.5,336,534,334,NA,751,618,NA,9.6,10.9,NA,NA,45.75,3.083,NA,NA,scale WC,WC,0.665,0.665,930
342,332,Angiosperm,Podocarpaceae,Populus,nigra,,,Salicaceae,Populus,nigra,Populus nigra,populus_nigra,S,A,T,N,1,30,15,-2.95,-2.1,-3.5,-1.4,69.09090909,S,PW,CA,NA,NA,NA,NA,NA,NA,NA,NA,NA,NA,NA,NA,,NA,NA,,,,NA,,NA,NA,non-vestured,NA,NA,diffuse-porous,simple,fibres,no,sol + RM,,NA,,NA,NA,NA,NA,NA,NA,NA,W,,NA,NA,NA,Clermont-Ferrand,France,45.776,3.144133333,45.776,3.144133333,336,336,,NA,NA,,TMS,Cochard et al. unpublished,Cochard,,336,93,45.776,3.144,France,FR_Clermont_1,Clermont-Ferrand,336,10.9,618,76.1,41.3,85.9,2.8,3.8,7.4,10.1,13.5,17.1,19.1,18.9,16.3,11.4,6.9,3.5,34,30,31,43,87,71,51,75,63,53,43,37,87,82.3,75.3,70.5,73.3,70.4,64.7,68,72.4,79.2,83.8,86.2,27.9,33,38.7,41.2,40.9,47.9,56.2,53.5,53.1,42.5,32.5,28,17.1,14,12.8,6.4,2,0.9,0.5,0.5,0.9,2.9,10.4,17.5,336,534,334,NA,751,618,NA,9.6,10.9,NA,NA,45.75,3.083,NA,NA,scale WC,WC,0.665,0.665,930
343,333,Angiosperm,Podocarpaceae,Populus,tremula,,,Salicaceae,Populus,tremula,Populus tremula,populus_tremula,S,A,T,N,2,20,17,-2.601528547,-1.768195213,-3.43486188,-1.666666667,45.6,S,PW,CA,NA,NA,NA,NA,NA,NA,NA,8.4,21,29.56,NA,NA,,1.535,0.1713,7.21,2.85,0.395284327,NA,,NA,NA,non-vestured,0.101,0.787994,diffuse-porous,simple,fibres,no,,,NA,,5.07,NA,NA,NA,NA,NA,NA,W,,NA,NA,NA,Clermont-Ferrand,France,45.717,3.05,45.776,3.144133333,800,800,,NA,NA,,TMS,Cochard et al. unpublished,Cochard,,800,94,45.717,3.05,France,FR_Clermont_2,Clermont-Ferrand,800,8.4,786,76.1,41.3,85.9,1,1.5,4.5,7,10.6,14.2,16.4,16.2,13.8,9.4,4.8,1.9,51,44,46,57,99,87,65,85,73,63,59,57,87,82.3,75.3,70.5,73.3,70.4,64.7,68,72.4,79.2,83.8,86.2,27.9,33,38.7,41.2,40.9,47.9,56.2,53.5,53.1,42.5,32.5,28,17.1,14,12.8,6.4,2,0.9,0.5,0.5,0.9,2.9,10.4,17.5,800,534,846,NA,751,786,NA,9.6,8.1,NA,NA,45.75,3.083,NA,NA,scale WC,WC,0.92,0.95,827
364,354,Angiosperm,Podocarpaceae,Populus,euphratica,,,Salicaceae,Populus,euphratica,Populus euphratica,populus_euphratica,S,S,T,G,2,15,1,-0.7,-0.3,-1.25,-0.95,69.09090909,S,,PC-PLCs,NA,NA,NA,NA,NA,NA,NA,NA,NA,NA,NA,NA,,NA,NA,,,,NA,,NA,NA,non-vestured,NA,NA,diffuse-porous,simple,fibres,no,,,NA,,NA,NA,NA,NA,NA,NA,NA,W,,NA,NA,NA,Champenoux,France,48.75145,6.337966667,,,263,NA,,NA,NA,,WDS,Hukin et al. 2005,Cochard,,263,92,48.751,6.338,France,FR_Champenoux,Champenoux,263,9.4,766,78.8,34.6,79.7,0.8,2.1,5.1,8.6,12.5,15.9,17.8,17.3,14.7,10.1,4.9,2,64,57,55,50,71,75,64,72,62,58,66,72,91.9,84.6,76.2,69.3,71.3,71.7,71.1,73.4,77,82.3,87.7,89.1,16.8,28.4,33,39.3,42,44.4,49.5,47.7,43.5,32.1,20.8,17.8,17.8,15.7,12,4.8,0.6,0.1,0.1,0.1,0.2,2.3,9.8,16.2,263,249,252,NA,793,766,NA,9.4,9.4,NA,NA,48.75,6.417,NA,NA,scale WC,WC,0.962,0.962,796
394,384,Angiosperm,Salicaceae,Populus,balsamifera,,,Salicaceae,Populus,balsamifera,Populus balsamifera,populus_balsamifera,S,A,T,N,1,35,NA,-1.8,-0.8,-2.7,-1.9,42.22222222,S,,DH,NA,NA,NA,-0.7,NA,NA,NA,NA,36,33.6,NA,NA,,NA,NA,,,,NA,,NA,NA,non-vestured,NA,NA,diffuse-porous,simple,fibres,no,RM,,NA,,5.2,0.0281,NA,NA,NA,NA,NA,W,,NA,NA,NA,Kiel,Germany,54 20' N,10 08' E,,,10,NA,775,9.02,NA,40.74658254,TMS,Hacke & Sauter 1995,Frederic Lens,,10,70,54.333,10.133,Germany,DE_Kiel,Kiel,10,9,775,84.1,32.8,89,1.1,1.4,3.7,7.3,12,15.6,17,17.2,14.3,10.6,6,2.6,62,47,46,49,53,65,81,88,68,65,77,73,92.8,89.2,85.2,79.7,77.7,77.9,79.2,78.5,82.1,86.2,88.7,92.4,16,23.9,29,39.5,45.7,44.8,42,46.5,38.3,30.9,20.8,16,18,17.8,15.1,8.5,2.6,0.2,0,0.1,0.4,3.3,7.8,15.2,10,33,23,775,776,751,9,8.4,7.9,NA,NA,54.25,10.083,NA,NA,scale CRU,cru,1.235,1.275,608
398,388,Angiosperm,Salicaceae,Populus,balsamifera,,,Salicaceae,Populus,balsamifera,Populus balsamifera,populus_balsamifera,P,A,T,N,1,35,NA,-1.9,-1.4,-2.4,-1,76,S,,BD-AE,NA,NA,-0.1,-0.7,NA,NA,NA,NA,4,23,NA,NA,,NA,NA,,,,NA,,NA,NA,non-vestured,NA,NA,diffuse-porous,simple,fibres,no,RM,,NA,,NA,NA,NA,NA,NA,NA,NA,W,,NA,NA,NA,Kiel,Germany,54 20' N,10 08' E,,,10,NA,775,9.02,NA,40.74658254,TMS,Hacke & Sauter 1996,Frederic Lens,,10,70,54.333,10.133,Germany,DE_Kiel,Kiel,10,9,775,84.1,32.8,89,1.1,1.4,3.7,7.3,12,15.6,17,17.2,14.3,10.6,6,2.6,62,47,46,49,53,65,81,88,68,65,77,73,92.8,89.2,85.2,79.7,77.7,77.9,79.2,78.5,82.1,86.2,88.7,92.4,16,23.9,29,39.5,45.7,44.8,42,46.5,38.3,30.9,20.8,16,18,17.8,15.1,8.5,2.6,0.2,0,0.1,0.4,3.3,7.8,15.2,10,33,23,775,776,751,9,8.4,7.9,NA,NA,54.25,10.083,NA,NA,scale CRU,cru,1.235,1.275,608
399,389,Angiosperm,Salicaceae,Populus,balsamifera,,,Salicaceae,Populus,balsamifera,Populus balsamifera,populus_balsamifera,S,A,T,N,1,35,NA,-1.8,-1.3,-2.5,-1.2,54.28571429,S,,BD-AE,NA,NA,NA,NA,NA,NA,NA,NA,21,35,NA,NA,,NA,NA,,,,NA,,NA,NA,non-vestured,NA,NA,diffuse-porous,simple,fibres,no,RM,,NA,,NA,NA,NA,NA,NA,NA,NA,W,,NA,NA,NA,Kiel,Germany,54 20' N,10 08' E,,,10,NA,775,9.02,NA,40.74658254,TMS,Hacke & Sauter 1996,Frederic Lens,,10,70,54.333,10.133,Germany,DE_Kiel,Kiel,10,9,775,84.1,32.8,89,1.1,1.4,3.7,7.3,12,15.6,17,17.2,14.3,10.6,6,2.6,62,47,46,49,53,65,81,88,68,65,77,73,92.8,89.2,85.2,79.7,77.7,77.9,79.2,78.5,82.1,86.2,88.7,92.4,16,23.9,29,39.5,45.7,44.8,42,46.5,38.3,30.9,20.8,16,18,17.8,15.1,8.5,2.6,0.2,0,0.1,0.4,3.3,7.8,15.2,10,33,23,775,776,751,9,8.4,7.9,NA,NA,54.25,10.083,NA,NA,scale CRU,cru,1.235,1.275,608
400,390,Angiosperm,Salicaceae,Populus,balsamifera,,,Salicaceae,Populus,balsamifera,Populus balsamifera,populus_balsamifera,R,A,T,N,1,35,NA,-1,-0.2,-2.1,-1.9,34.54545455,E,,AD,NA,NA,NA,NA,NA,NA,NA,NA,NA,55,NA,NA,,NA,NA,,,,NA,,NA,NA,non-vestured,NA,NA,diffuse-porous,simple,fibres,no,RM,,NA,,NA,NA,NA,NA,NA,NA,NA,W,,NA,NA,NA,Kiel,Germany,54 20' N,10 08' E,,,10,NA,775,9.02,NA,40.74658254,TMS,Hacke & Sauter 1996,Frederic Lens,,10,70,54.333,10.133,Germany,DE_Kiel,Kiel,10,9,775,84.1,32.8,89,1.1,1.4,3.7,7.3,12,15.6,17,17.2,14.3,10.6,6,2.6,62,47,46,49,53,65,81,88,68,65,77,73,92.8,89.2,85.2,79.7,77.7,77.9,79.2,78.5,82.1,86.2,88.7,92.4,16,23.9,29,39.5,45.7,44.8,42,46.5,38.3,30.9,20.8,16,18,17.8,15.1,8.5,2.6,0.2,0,0.1,0.4,3.3,7.8,15.2,10,33,23,775,776,751,9,8.4,7.9,NA,NA,54.25,10.083,NA,NA,scale CRU,cru,1.235,1.275,608
460,449,Angiosperm,Salicaceae,Populus,trichocarpa x deltoides,trichocarpa x deltoides,,Salicaceae,Populus,X,Populus X,populus_x,S,A,T,G,1,NA,NA,-1.44721,NA,-2.01173,-2.01173,67.31382413,S,O,DH,5.5,NA,NA,NA,NA,NA,NA,NA,NA,31.1,NA,NA,,NA,NA,,,,NA,,NA,NA,non-vestured,NA,NA,,simple,fibres,no,,,NA,,NA,NA,NA,NA,NA,NA,NA,W,,NA,NA,NA,"MacMillan Bloedel’s Yellow Point, BC",Canada,48 28' 36'' N,123 23' 06'' W,,,21,NA,,NA,NA,,TMS,Harvey & Van Den Driessche 1997,J Martinez Vilalta,clone S 52-237 (greenhouse study); provenance coordinates not available; Vulnerability Curves start at around 20 PLC.,21,52,48.477,-123.385,Canada,CA_Bc_MacMillan,"MacMillan Bloedel’s Yellow Point, BC",21,9.8,793,80.7,43,65.5,4.2,5.5,6.6,8.8,11.5,13.9,15.6,15.6,13.9,10.1,6.7,4.7,130,89,63,43,29,23,17,23,37,79,127,133,86.2,83.7,80.2,76.1,75.5,75,75.2,77.1,80,85.4,86.7,87.3,23.5,31.7,38.7,44.6,53.5,53.5,64.7,62.6,53.5,41.3,26.8,21.5,12.9,9.5,9.2,5.9,3.5,0.6,0,0,1.1,4.2,7.5,11.1,21,54,21,NA,870,793,NA,9.8,9.8,NA,NA,48.417,-123.417,NA,NA,scale WC,WC,1.109,1.108,716
461,450,Angiosperm,Salicaceae,Populus,trichocarpa x deltoides,trichocarpa x deltoides,,Salicaceae,Populus,X,Populus X,populus_x,S,A,T,G,1,NA,NA,-1.20088,NA,-1.65249,-1.65249,84.14339806,S,O,DH,8.4,NA,NA,NA,NA,NA,NA,NA,NA,36.1,NA,NA,,NA,NA,,,,NA,,NA,NA,non-vestured,NA,NA,,simple,fibres,no,,,NA,,NA,NA,NA,NA,NA,NA,NA,W,,NA,NA,NA,"MacMillan Bloedel’s Yellow Point, BC",Canada,48 28' 36'' N,123 23' 06'' W,,,21,NA,,NA,NA,,TMS,Harvey & Van Den Driessche 1997,J Martinez Vilalta,clone H 15-29 (greenhouse study); provenance coordinates not available; Vulnerability Curves start at around 20 PLC.,21,52,48.477,-123.385,Canada,CA_Bc_MacMillan,"MacMillan Bloedel’s Yellow Point, BC",21,9.8,793,80.7,43,65.5,4.2,5.5,6.6,8.8,11.5,13.9,15.6,15.6,13.9,10.1,6.7,4.7,130,89,63,43,29,23,17,23,37,79,127,133,86.2,83.7,80.2,76.1,75.5,75,75.2,77.1,80,85.4,86.7,87.3,23.5,31.7,38.7,44.6,53.5,53.5,64.7,62.6,53.5,41.3,26.8,21.5,12.9,9.5,9.2,5.9,3.5,0.6,0,0,1.1,4.2,7.5,11.1,21,54,21,NA,870,793,NA,9.8,9.8,NA,NA,48.417,-123.417,NA,NA,scale WC,WC,1.109,1.108,716
462,451,Angiosperm,Salicaceae,Populus,trichocarpa x deltoides,trichocarpa x deltoides,,Salicaceae,Populus,X,Populus X,populus_x,S,A,T,G,1,NA,NA,-1.33431,NA,-1.84751,-1.84751,74.04520655,S,O,DH,5.9,NA,NA,NA,NA,NA,NA,NA,NA,36.6,NA,NA,,NA,NA,,,,NA,,NA,NA,non-vestured,NA,NA,,simple,fibres,no,,,NA,,NA,NA,NA,NA,NA,NA,NA,W,,NA,NA,NA,"MacMillan Bloedel’s Yellow Point, BC",Canada,48 28' 36'' N,123 23' 06'' W,,,21,NA,,NA,NA,,TMS,Harvey & Van Den Driessche 1997,J Martinez Vilalta,clone S 52-226 (greenhouse study); provenance coordinates not available; Vulnerability Curves start at around 20 PLC.,21,52,48.477,-123.385,Canada,CA_Bc_MacMillan,"MacMillan Bloedel’s Yellow Point, BC",21,9.8,793,80.7,43,65.5,4.2,5.5,6.6,8.8,11.5,13.9,15.6,15.6,13.9,10.1,6.7,4.7,130,89,63,43,29,23,17,23,37,79,127,133,86.2,83.7,80.2,76.1,75.5,75,75.2,77.1,80,85.4,86.7,87.3,23.5,31.7,38.7,44.6,53.5,53.5,64.7,62.6,53.5,41.3,26.8,21.5,12.9,9.5,9.2,5.9,3.5,0.6,0,0,1.1,4.2,7.5,11.1,21,54,21,NA,870,793,NA,9.8,9.8,NA,NA,48.417,-123.417,NA,NA,scale WC,WC,1.109,1.108,716
463,452,Angiosperm,Salicaceae,Populus,trichocarpa x deltoides,trichocarpa x deltoides,,Salicaceae,Populus,X,Populus X,populus_x,S,A,T,G,1,NA,NA,-1.41642,NA,NA,NA,NA,S,O,DH,7.2,NA,NA,NA,NA,NA,NA,NA,NA,36.9,NA,NA,,NA,NA,,,,NA,,NA,NA,non-vestured,NA,NA,,simple,fibres,no,,,NA,,NA,NA,NA,NA,NA,NA,NA,W,,NA,NA,NA,"MacMillan Bloedel’s Yellow Point, BC",Canada,48 28' 36'' N,123 23' 06'' W,,,21,NA,,NA,NA,,TMS,Harvey & Van Den Driessche 1997,J Martinez Vilalta,clone H 49-177 (greenhouse study); provenance coordinates not available; Vulnerability Curves start at around 20 PLC.,21,52,48.477,-123.385,Canada,CA_Bc_MacMillan,"MacMillan Bloedel’s Yellow Point, BC",21,9.8,793,80.7,43,65.5,4.2,5.5,6.6,8.8,11.5,13.9,15.6,15.6,13.9,10.1,6.7,4.7,130,89,63,43,29,23,17,23,37,79,127,133,86.2,83.7,80.2,76.1,75.5,75,75.2,77.1,80,85.4,86.7,87.3,23.5,31.7,38.7,44.6,53.5,53.5,64.7,62.6,53.5,41.3,26.8,21.5,12.9,9.5,9.2,5.9,3.5,0.6,0,0,1.1,4.2,7.5,11.1,21,54,21,NA,870,793,NA,9.8,9.8,NA,NA,48.417,-123.417,NA,NA,scale WC,WC,1.109,1.108,716
726,711,Angiosperm,Salicaceae,Populus,tremula,,,Salicaceae,Populus,tremula,Populus tremula,populus_tremula,S,A,T,N,3,NA,NA,-1.3,-0.2,-1.8,-1.6,76,O,,DH,0.92,NA,NA,NA,NA,NA,NA,8.4,21,29.56,NA,NA,,1.535,0.1713,7.21,2.85,0.395284327,NA,,NA,NA,non-vestured,0.101,0.787994,diffuse-porous,simple,fibres,no,,,NA,,5.07,NA,NA,NA,NA,NA,NA,W,,NA,NA,NA,"Siena, Tuscany",Italy,43 17' N,11 35' E,,,350,NA,910,14.7,NA,36.84,WDS,Tognetti et al. 1999,Jansen,,350,118,43.283,11.583,Italy,IT_Siena,"Rapolano Terma, Siena",350,14.7,910,72.7,47.5,60.4,6.6,7.8,9.8,12.9,16.9,20.8,23.6,23.4,20.1,15.6,11.1,7.5,76,72,78,78,69,55,37,53,78,97,118,99,77.7,74.4,70.4,71.8,71.4,69.7,65.4,67.2,70.4,75.5,79.2,79.7,36.8,37.4,41.3,44.7,50.8,55.7,65.1,64.1,57.2,48.1,35.5,33.6,14.3,11.2,9.5,4.8,0.9,0,0,0,0.1,1.4,5.6,12.6,350,295,197,910,729,757,14.7,13.2,13.7,NA,NA,43.25,11.583,NA,NA,scale WC,WC,0.748,0.897,1014
740,725,Angiosperm,Salicaceae,Populus,angustifolia,,,Salicaceae,Populus,angustifolia,Populus angustifolia,populus_angustifolia,S,A,T,N,2,18,NA,-1.9,NA,NA,NA,NA,,,CE,NA,NA,NA,NA,NA,NA,NA,NA,NA,NA,NA,NA,,NA,NA,,,,NA,,NA,NA,non-vestured,NA,NA,,simple,fibres,no,,,NA,,NA,NA,NA,NA,NA,NA,NA,W,,NA,NA,NA,"Lethbridge, Alberta",Canada,49 42' N,112 49' W,,,900,NA,,NA,NA,,WDS,Hacke et al. 2001,Frederic Lens,,900,54,49.7,-112.817,Canada,CA_Lethbridge,"Lethbridge, Alberta",900,5.3,390,62.4,49.8,191.9,-8.8,-5.1,-1,5.5,11,15.5,18,17.3,11.8,7.1,-1.5,-7,22,15,25,35,48,67,40,45,41,16,16,21,69.9,69.2,68.2,60.1,56,56.3,56.1,56.8,60,58.3,68,70,35.3,42.3,43.1,49.2,54,58.6,69.9,66.9,53.1,50.2,41,34.1,30.4,27.1,27.3,19.2,7.5,2.1,0,0,6.8,15.9,25.9,29.7,900,889,913,NA,390,395,NA,5.3,5.3,NA,NA,49.75,-112.75,NA,NA,scale CRU,cru,0.464,0.457,852
813,797,Angiosperm,Salicaceae,Populus,deltoides,,,Salicaceae,Populus,deltoides,Populus deltoides,populus_deltoides,S,A,T,N,1,NA,NA,-1.21,-0.32,-2.15,-1.83,40.42553191,S,,DH,NA,3.00E-04,NA,NA,NA,NA,NA,NA,28,NA,NA,NA,,NA,NA,,,,NA,,NA,NA,non-vestured,NA,NA,diffuse-porous,simple,fibres,no,RM,,NA,,NA,NA,NA,NA,NA,NA,NA,W,,NA,NA,NA,Messina,Italy,38 11' N,15 33' E,,,60,NA,832,18.6,NA,29.09090909,WDS,Lo Gullo & Salleo 1992,Nardini,,60,116,38.183,15.55,Italy,IT_Messina,Messina,60,18.6,832,69.7,54.5,6.8,11.9,12,13.3,15.5,19.3,23.4,26.3,26.8,24.2,20.1,16.5,13.6,117,95,84,58,34,13,16,24,57,110,104,119,73.8,71.9,70.2,69.8,68.1,65.1,63.7,66.4,68.4,71.1,73.9,74.5,38.9,43.1,46.4,52.1,58,65.8,73.2,72.3,64.3,54.8,46.3,38.6,2,2,1.4,0.3,0.1,0,0,0,0,0,0.1,0.9,60,146,42,832,851,811,18.6,17.7,18.3,NA,NA,38.25,15.583,NA,NA,scale WC,WC,0.817,0.838,993
883,862,Angiosperm,Salicaceae,Populus,trichocarpa,,,Salicaceae,Populus,trichocarpa,Populus trichocarpa,populus_trichocarpa,S,A,T,N,2,NA,NA,-1.25,-0.3,-1.49,-1.187,158.3333333,S,PW,DH,NA,NA,NA,NA,NA,NA,NA,NA,NA,NA,NA,NA,,2.2,NA,,,,NA,,NA,NA,non-vestured,NA,NA,diffuse-porous,simple,fibres,no,,,NA,,NA,NA,NA,NA,NA,NA,NA,W,,NA,NA,NA,unspecified,,,,,,NA,NA,,NA,NA,,,Pita et al. 2005,Pittermann,,NA,,NA,NA,,,,NA,NA,NA,NA,NA,NA,NA,NA,NA,NA,NA,NA,NA,NA,NA,NA,NA,NA,NA,NA,NA,NA,NA,NA,NA,NA,NA,NA,NA,NA,NA,NA,NA,NA,NA,NA,NA,NA,NA,NA,NA,NA,NA,NA,NA,NA,NA,NA,NA,NA,NA,NA,NA,NA,NA,NA,NA,NA,NA,NA,NA,NA,NA,NA,NA,NA,NA,NA,NA,NA,NA,NA,NA,NA,NA,NA,NA,NA,NA,NA,NA,,,NA,NA,NA
1057,1034,Angiosperm,Salicaceae,Populus,tremuloides,,,Salicaceae,Populus,tremuloides,Populus tremuloides,populus_tremuloides,S,A,T,N,,NA,NA,,NA,NA,NA,NA,,,,0.285714,5.48E-05,NA,NA,0.000191,NA,NA,NA,NA,NA,NA,NA,,NA,NA,,,,NA,,NA,NA,non-vestured,NA,NA,diffuse-porous,simple,fibres,no,RM,,NA,,NA,NA,NA,NA,NA,NA,NA,W,,NA,NA,NA,"Prince George, British Columbia",Canada,53 45' N,122 42' W,,,620,NA,,NA,NA,,BOT,Wang 2005,Radika Bhaskar,"?Unit - Assumed MPa not kPa; all SUMMER (June) measurements, fully flushed leaves; sub-boreal habitat",620,53,53.75,-122.7,Canada,CA_Bc_PrinceGeorge,"Prince George, British Columbia",620,3.9,611,72,39.8,210.9,-10.5,-5.3,-0.6,4.9,9.7,13.4,15.5,14.6,10.2,5,-2.6,-7.6,58,38,34,27,47,63,59,65,56,59,51,54,79.6,76.6,69.6,59.5,59.6,64.3,66.5,71.1,76.4,76.4,82.1,82.4,22.5,31.7,40.1,48.6,49.6,52.2,56.4,55.6,41.8,34.2,23.9,20.6,31,27.6,27.8,21.7,10,4.1,2.5,3,8.4,17.5,26.7,30.6,620,708,592,NA,619,611,NA,4.1,4.1,NA,NA,53.75,-122.75,NA,NA,scale WC,WC,0.791,0.791,772
1058,1035,Angiosperm,Salicaceae,Populus,tremuloides,,,Salicaceae,Populus,tremuloides,Populus tremuloides,populus_tremuloides,S,A,T,N,,NA,NA,,NA,NA,NA,NA,,,,0.957983,NA,NA,NA,NA,NA,NA,NA,NA,NA,NA,NA,,NA,NA,,,,NA,,NA,NA,non-vestured,NA,NA,diffuse-porous,simple,fibres,no,RM,,NA,,NA,NA,NA,NA,NA,NA,NA,W,,NA,NA,NA,"Prince George, British Columbia",Canada,53 45' N,122 42' W,,,620,NA,,NA,NA,,BOT,Wang 2005,Radika Bhaskar,?Unit problem in text? Assumed MPa not kPa; Spring (April) measurements of Ks pre bud-break,620,53,53.75,-122.7,Canada,CA_Bc_PrinceGeorge,"Prince George, British Columbia",620,3.9,611,72,39.8,210.9,-10.5,-5.3,-0.6,4.9,9.7,13.4,15.5,14.6,10.2,5,-2.6,-7.6,58,38,34,27,47,63,59,65,56,59,51,54,79.6,76.6,69.6,59.5,59.6,64.3,66.5,71.1,76.4,76.4,82.1,82.4,22.5,31.7,40.1,48.6,49.6,52.2,56.4,55.6,41.8,34.2,23.9,20.6,31,27.6,27.8,21.7,10,4.1,2.5,3,8.4,17.5,26.7,30.6,620,708,592,NA,619,611,NA,4.1,4.1,NA,NA,53.75,-122.75,NA,NA,scale WC,WC,0.791,0.791,772
1059,1036,Angiosperm,Salicaceae,Populus,trichocarpa,,,Salicaceae,Populus,trichocarpa,Populus trichocarpa,populus_trichocarpa,S,A,T,N,,NA,NA,,NA,NA,NA,NA,,,,0.327731,6.98E-05,NA,NA,0.000221557,NA,NA,NA,NA,NA,NA,NA,,2.2,NA,,,,NA,,NA,NA,non-vestured,NA,NA,diffuse-porous,simple,fibres,no,,,NA,,NA,NA,NA,NA,NA,NA,NA,W,,NA,NA,NA,"Prince George, British Columbia",Canada,53 45' N,122 42' W,,,620,NA,,NA,NA,,BOT,Wang 2005,Radika Bhaskar,"?Unit - Assumed MPa not kPa; all SUMMER (June) measurements, fully flushed leaves; sub-boreal habitat",620,53,53.75,-122.7,Canada,CA_Bc_PrinceGeorge,"Prince George, British Columbia",620,3.9,611,72,39.8,210.9,-10.5,-5.3,-0.6,4.9,9.7,13.4,15.5,14.6,10.2,5,-2.6,-7.6,58,38,34,27,47,63,59,65,56,59,51,54,79.6,76.6,69.6,59.5,59.6,64.3,66.5,71.1,76.4,76.4,82.1,82.4,22.5,31.7,40.1,48.6,49.6,52.2,56.4,55.6,41.8,34.2,23.9,20.6,31,27.6,27.8,21.7,10,4.1,2.5,3,8.4,17.5,26.7,30.6,620,708,592,NA,619,611,NA,4.1,4.1,NA,NA,53.75,-122.75,NA,NA,scale WC,WC,0.791,0.791,772
1060,1037,Angiosperm,Salicaceae,Populus,trichocarpa,,,Salicaceae,Populus,trichocarpa,Populus trichocarpa,populus_trichocarpa,S,A,T,N,,NA,NA,,NA,NA,NA,NA,,,,0.756303,NA,NA,NA,NA,NA,NA,NA,NA,NA,NA,NA,,2.2,NA,,,,NA,,NA,NA,non-vestured,NA,NA,diffuse-porous,simple,fibres,no,,,NA,,NA,NA,NA,NA,NA,NA,NA,W,,NA,NA,NA,"Prince George, British Columbia",Canada,53 45' N,122 42' W,,,620,NA,,NA,NA,,BOT,Wang 2005,Radika Bhaskar,?Unit problem in text? Assumed MPa not kPa; Spring (April) measurements of Ks pre bud-break,620,53,53.75,-122.7,Canada,CA_Bc_PrinceGeorge,"Prince George, British Columbia",620,3.9,611,72,39.8,210.9,-10.5,-5.3,-0.6,4.9,9.7,13.4,15.5,14.6,10.2,5,-2.6,-7.6,58,38,34,27,47,63,59,65,56,59,51,54,79.6,76.6,69.6,59.5,59.6,64.3,66.5,71.1,76.4,76.4,82.1,82.4,22.5,31.7,40.1,48.6,49.6,52.2,56.4,55.6,41.8,34.2,23.9,20.6,31,27.6,27.8,21.7,10,4.1,2.5,3,8.4,17.5,26.7,30.6,620,708,592,NA,619,611,NA,4.1,4.1,NA,NA,53.75,-122.75,NA,NA,scale WC,WC,0.791,0.791,772
1229,1206,Angiosperm,Salicaceae,Populus,fremontii,,,Salicaceae,Populus,fremontii,Populus fremontii,populus_fremontii,S,A,T,N,3,NA,NA,-1.38,-0.716,-1.88,-1.164,76,S,,AD,3.01,NA,-1.26,-1.58,NA,NA,NA,NA,NA,NA,44.5,NA,,NA,NA,,,,100,,NA,NA,non-vestured,NA,NA,,simple,fibres,no,,,NA,,2.356,NA,NA,NA,NA,NA,NA,W,,NA,NA,NA,"Pima County, Arizona",USA,32.012726,-110.629098,,,1036,NA,310,NA,NA,,WDS,Pockman & Sperry 2000,Sean Gleason,in riparian location,1036,174,32.013,-110.629,USA,USA_Az_Pima,"Pima County, Arizona",1036,18.3,310,45.6,81.5,83.8,9.1,10.7,13.1,16.9,21.4,26.6,28,26.9,24.7,19.3,13.2,9.6,23,19,19,8,3,7,69,60,34,24,16,28,55.7,51.6,45.8,36.8,30.3,27.3,46.3,52.3,48.7,45.8,50.3,56,77.3,78.5,81.9,87.2,89.8,89.9,76.6,78.2,82.6,83.4,78,74.9,17.4,13.4,11.1,5.8,2.9,1,0.4,0.5,1.1,3.5,10.3,16.4,1036,1279,1049,310,408,370,NA,16.4,18.2,NA,NA,32.083,-110.583,NA,NA,scale WC,WC,0.227,0.191,1620
1237,1214,Angiosperm,Salicaceae,Populus,fremontii,,,Salicaceae,Populus,fremontii,Populus fremontii,populus_fremontii,S,A,T,N,3,NA,NA,-1.57,-1.39,-1.63,-0.24,633.3333333,S,,CE,NA,NA,NA,NA,NA,NA,NA,NA,NA,NA,NA,NA,,NA,NA,,,,100,,NA,NA,non-vestured,NA,NA,,simple,fibres,no,,,NA,,NA,NA,NA,NA,NA,NA,NA,W,,NA,NA,NA,"Pima County, Arizona",USA,32.012726,-110.629098,,,1036,NA,,NA,NA,,TMS,Pockman et al. 1995,Sean Gleason,,1036,174,32.013,-110.629,USA,USA_Az_Pima,"Pima County, Arizona",1036,18.3,310,45.6,81.5,83.8,9.1,10.7,13.1,16.9,21.4,26.6,28,26.9,24.7,19.3,13.2,9.6,23,19,19,8,3,7,69,60,34,24,16,28,55.7,51.6,45.8,36.8,30.3,27.3,46.3,52.3,48.7,45.8,50.3,56,77.3,78.5,81.9,87.2,89.8,89.9,76.6,78.2,82.6,83.4,78,74.9,17.4,13.4,11.1,5.8,2.9,1,0.4,0.5,1.1,3.5,10.3,16.4,1036,1279,1049,310,408,370,NA,16.4,18.2,NA,NA,32.083,-110.583,NA,NA,scale WC,WC,0.227,0.191,1620
1427,1391,Angiosperm,Salicaceae,Populus,fremontii,,,Salicaceae,Populus,fremontii,Populus fremontii,populus_fremontii,S,S,T,C,1,NA,NA,-1.16527,-0.215736,-2.11294,-1.897204,40.09834647,O,W,AD,NA,NA,NA,NA,NA,NA,NA,NA,NA,NA,NA,NA,,NA,NA,,,,100,,NA,NA,non-vestured,NA,NA,,simple,fibres,no,,,NA,,2.356,NA,NA,NA,NA,NA,NA,W,,NA,NA,NA,Utah,USA,40°46' N,111°50' W,,,1460,NA,,NA,NA,,TMS,Li et al. 2008,Sylvain Delzon,pit membrane thickness and t values from Jansen et al. 2009,1460,272,40.767,-111.833,USA,USA_Ut_3,Utah,1460,9.6,532,54.6,65.7,188.2,-2.8,-0.1,3.9,8.5,13.4,18.5,23.2,22,16.7,10.4,3.4,-1.9,44,44,60,65,56,31,22,26,39,47,47,51,72,68,58.7,51.4,48,41.2,37.8,40.4,46.3,54.8,65.1,72,48.2,57.7,64.9,66.7,69.5,76.9,79.2,78.7,77.7,71.3,52.4,45,29.4,25.7,24.1,17.3,10.1,4.2,1.6,2.1,5.8,15.1,23.7,29.1,1460,1919,1472,NA,667,532,NA,6.3,9.5,NA,NA,40.75,-111.75,NA,NA,scale WC,WC,0.457,0.457,1164
1428,1392,Angiosperm,Salicaceae,Populus,fremontii,,,Salicaceae,Populus,fremontii,Populus fremontii,populus_fremontii,S,S,T,C,1,NA,NA,-1.43417,-0.215736,-2.07487,-1.859134,59.31012955,O,W,CA,1.28682,NA,NA,NA,NA,NA,NA,NA,NA,NA,NA,NA,,NA,NA,,,,100,,NA,NA,non-vestured,NA,NA,,simple,fibres,no,,,NA,,2.356,NA,NA,NA,NA,NA,NA,W,,NA,NA,NA,Utah,USA,40°46' N,111°50' W,,,1460,NA,,NA,NA,,TMS,Li et al. 2008,Sylvain Delzon,pit membrane thickness and t values from Jansen et al. 2009,1460,272,40.767,-111.833,USA,USA_Ut_3,Utah,1460,9.6,532,54.6,65.7,188.2,-2.8,-0.1,3.9,8.5,13.4,18.5,23.2,22,16.7,10.4,3.4,-1.9,44,44,60,65,56,31,22,26,39,47,47,51,72,68,58.7,51.4,48,41.2,37.8,40.4,46.3,54.8,65.1,72,48.2,57.7,64.9,66.7,69.5,76.9,79.2,78.7,77.7,71.3,52.4,45,29.4,25.7,24.1,17.3,10.1,4.2,1.6,2.1,5.8,15.1,23.7,29.1,1460,1919,1472,NA,667,532,NA,6.3,9.5,NA,NA,40.75,-111.75,NA,NA,scale WC,WC,0.457,0.457,1164
1429,1393,Angiosperm,Salicaceae,Populus,fremontii,,,Salicaceae,Populus,fremontii,Populus fremontii,populus_fremontii,S,S,T,C,1,NA,NA,-1.41176,-0.177665,-2.25254,-2.074875,45.19612741,O,W,CE,1.16304,NA,NA,NA,NA,NA,NA,NA,NA,NA,NA,NA,,NA,NA,,,,100,,NA,NA,non-vestured,NA,NA,,simple,fibres,no,,,NA,,2.356,NA,NA,NA,NA,NA,NA,W,,NA,NA,NA,Utah,USA,40°46' N,111°50' W,,,1460,NA,,NA,NA,,TMS,Li et al. 2008,Sylvain Delzon,pit membrane thickness and t values from Jansen et al. 2009,1460,272,40.767,-111.833,USA,USA_Ut_3,Utah,1460,9.6,532,54.6,65.7,188.2,-2.8,-0.1,3.9,8.5,13.4,18.5,23.2,22,16.7,10.4,3.4,-1.9,44,44,60,65,56,31,22,26,39,47,47,51,72,68,58.7,51.4,48,41.2,37.8,40.4,46.3,54.8,65.1,72,48.2,57.7,64.9,66.7,69.5,76.9,79.2,78.7,77.7,71.3,52.4,45,29.4,25.7,24.1,17.3,10.1,4.2,1.6,2.1,5.8,15.1,23.7,29.1,1460,1919,1472,NA,667,532,NA,6.3,9.5,NA,NA,40.75,-111.75,NA,NA,scale WC,WC,0.457,0.457,1164
1491,1455,Angiosperm,Salicaceae,Populus,deltoides,,,Salicaceae,Populus,deltoides,Populus deltoides,populus_deltoides,S,A,T,C,,NA,NA,-1.5,-0.87,-1.78,-0.91,135.7142857,S,,PD-PLCs,NA,NA,NA,NA,NA,NA,NA,NA,NA,NA,NA,NA,,NA,NA,,,,NA,,NA,NA,non-vestured,NA,NA,diffuse-porous,simple,fibres,no,RM,,NA,,NA,NA,NA,NA,NA,NA,NA,W,,NA,NA,NA,"Burlington, Vermont",USA,44 28' N,73 12' W,,,60,NA,,NA,NA,,TMS,Tyree et al. 1992,Wright,Data read directly from Figs,60,303,44.467,-73.2,USA,USA_Vt_Burlington_3,"Burlington, Vermont",60,7.2,803,70.9,49.2,164.2,-8.2,-7.2,-0.5,6.8,13.6,18.5,21.4,20,15.3,9.1,3,-4.7,43,39,51,65,74,79,83,96,77,69,71,56,71.5,69.7,67.3,63.2,64.4,69.3,70.7,74.2,75.9,73.5,75.8,75.6,43.1,49,50.5,50.7,54.3,57.6,63.4,58.9,52.9,46.2,31.2,32.6,30.5,27.7,26.1,16.2,4.9,0,0,0,0.2,10.4,19.7,28.5,60,52,91,NA,803,866,NA,7.3,7,NA,NA,44.417,-73.25,NA,NA,scale CRU,cru,0.972,0.901,891
1493,1457,Angiosperm,Salicaceae,Populus,angustifolia,,,Salicaceae,Populus,angustifolia,Populus angustifolia,populus_angustifolia,S,A,T,N,,NA,NA,-1.6,NA,-2.38,-2.38,48.71794872,S,,DH,NA,NA,NA,NA,NA,NA,NA,NA,NA,NA,NA,NA,,NA,NA,,,,NA,,NA,NA,non-vestured,NA,NA,,simple,fibres,no,,,NA,,NA,NA,NA,NA,NA,NA,NA,W,,NA,NA,NA,"Lethbridge, Alberta",Canada,49 42' N,112 49' W,,,900,NA,,NA,NA,,TMS,Tyree et al. 1994,Wright,Data read directly from Fig 3a,900,54,49.7,-112.817,Canada,CA_Lethbridge,"Lethbridge, Alberta",900,5.3,390,62.4,49.8,191.9,-8.8,-5.1,-1,5.5,11,15.5,18,17.3,11.8,7.1,-1.5,-7,22,15,25,35,48,67,40,45,41,16,16,21,69.9,69.2,68.2,60.1,56,56.3,56.1,56.8,60,58.3,68,70,35.3,42.3,43.1,49.2,54,58.6,69.9,66.9,53.1,50.2,41,34.1,30.4,27.1,27.3,19.2,7.5,2.1,0,0,6.8,15.9,25.9,29.7,900,889,913,NA,390,395,NA,5.3,5.3,NA,NA,49.75,-112.75,NA,NA,scale CRU,cru,0.464,0.457,852
1494,1458,Angiosperm,Salicaceae,Populus,balsamifera,,,Salicaceae,Populus,balsamifera,Populus balsamifera,populus_balsamifera,S,A,T,N,,NA,NA,-1.56,NA,-2.63,-2.63,35.51401869,S,,DH,NA,NA,NA,NA,NA,NA,NA,NA,NA,NA,NA,NA,,NA,NA,,,,NA,,NA,NA,non-vestured,NA,NA,diffuse-porous,simple,fibres,no,RM,,NA,,NA,NA,NA,NA,NA,NA,NA,W,,NA,NA,NA,"Lethbridge, Alberta",Canada,49 42' N,112 49' W,,,900,NA,,NA,NA,,TMS,Tyree et al. 1994,Wright,Data read directly from Fig 3a,900,54,49.7,-112.817,Canada,CA_Lethbridge,"Lethbridge, Alberta",900,5.3,390,62.4,49.8,191.9,-8.8,-5.1,-1,5.5,11,15.5,18,17.3,11.8,7.1,-1.5,-7,22,15,25,35,48,67,40,45,41,16,16,21,69.9,69.2,68.2,60.1,56,56.3,56.1,56.8,60,58.3,68,70,35.3,42.3,43.1,49.2,54,58.6,69.9,66.9,53.1,50.2,41,34.1,30.4,27.1,27.3,19.2,7.5,2.1,0,0,6.8,15.9,25.9,29.7,900,889,913,NA,390,395,NA,5.3,5.3,NA,NA,49.75,-112.75,NA,NA,scale CRU,cru,0.464,0.457,852
1495,1459,Angiosperm,Salicaceae,Populus,deltoides,,,Salicaceae,Populus,deltoides,Populus deltoides,populus_deltoides,S,A,T,N,,NA,NA,-0.67,NA,-2.05,-2.05,27.53623188,E,,DH,NA,NA,NA,NA,NA,NA,NA,NA,NA,NA,NA,NA,,NA,NA,,,,NA,,NA,NA,non-vestured,NA,NA,diffuse-porous,simple,fibres,no,RM,,NA,,NA,NA,NA,NA,NA,NA,NA,W,,NA,NA,NA,"Lethbridge, Alberta",Canada,49 42' N,112 49' W,,,900,NA,,NA,NA,,TMS,Tyree et al. 1994,Wright,Data read directly from Fig 3a,900,54,49.7,-112.817,Canada,CA_Lethbridge,"Lethbridge, Alberta",900,5.3,390,62.4,49.8,191.9,-8.8,-5.1,-1,5.5,11,15.5,18,17.3,11.8,7.1,-1.5,-7,22,15,25,35,48,67,40,45,41,16,16,21,69.9,69.2,68.2,60.1,56,56.3,56.1,56.8,60,58.3,68,70,35.3,42.3,43.1,49.2,54,58.6,69.9,66.9,53.1,50.2,41,34.1,30.4,27.1,27.3,19.2,7.5,2.1,0,0,6.8,15.9,25.9,29.7,900,889,913,NA,390,395,NA,5.3,5.3,NA,NA,49.75,-112.75,NA,NA,scale CRU,cru,0.464,0.457,852
,1900,Angiosperm,Salicaceae,Populus ,tremula,,,,,,,Populus_tremula,S,Se,T,E,3,NA,NA,-0.68,-0.2,-1.8,-1.6,33.92857143,,,AD,NA,NA,-0.37,-0.64,NA,NA,NA,NA,NA,NA,NA,NA,,NA,NA,,,,NA,,NA,NA,,NA,NA,,,,,,,NA,,NA,NA,NA,NA,NA,NA,NA,W,,NA,NA,NA,"Chalk River, ON",Canada,46 05N,77 52W,,,NA,NA,,NA,NA,,TMS,"Way et al., 2013",Hugh Morris and Brendan Choat,,NA,,NA,NA,,,,NA,NA,NA,NA,NA,NA,NA,NA,NA,NA,NA,NA,NA,NA,NA,NA,NA,NA,NA,NA,NA,NA,NA,NA,NA,NA,NA,NA,NA,NA,NA,NA,NA,NA,NA,NA,NA,NA,NA,NA,NA,NA,NA,NA,NA,NA,NA,NA,NA,NA,NA,NA,NA,NA,NA,NA,NA,NA,NA,NA,NA,NA,NA,NA,NA,NA,NA,NA,NA,NA,NA,NA,NA,NA,NA,NA,NA,NA,NA,NA,NA,,,NA,NA,NA
,1901,Angiosperm,Salicaceae,Populus ,tremula,,,,,,,Populus_tremula,L,Se,T,E,3,NA,NA,-2.01,-1.63,-2.4,-0.77,97.43589744,,,AD,NA,NA,NA,-0.46,NA,NA,NA,NA,NA,NA,NA,NA,,NA,NA,,,,NA,,NA,NA,,NA,NA,,,,,,,NA,,NA,NA,NA,NA,NA,NA,NA,W,,NA,NA,NA,"Chalk River, ON",Canada,46 05N,77 52W,,,NA,NA,,NA,NA,,TMS,"Way et al., 2013",Hugh Morris and Brendan Choat,,NA,,NA,NA,,,,NA,NA,NA,NA,NA,NA,NA,NA,NA,NA,NA,NA,NA,NA,NA,NA,NA,NA,NA,NA,NA,NA,NA,NA,NA,NA,NA,NA,NA,NA,NA,NA,NA,NA,NA,NA,NA,NA,NA,NA,NA,NA,NA,NA,NA,NA,NA,NA,NA,NA,NA,NA,NA,NA,NA,NA,NA,NA,NA,NA,NA,NA,NA,NA,NA,NA,NA,NA,NA,NA,NA,NA,NA,NA,NA,NA,NA,NA,NA,NA,NA,,,NA,NA,NA
,1906,Angiosperm,Salicaceae,Populus,tremuloides,,,,,,,,S,A,T,G,1,49,1.2,-0.68,-0.25,-2,-1.75,28.78787879,E,other,CE,0.79,6.23E-05,-0.37,-0.83,0.009090909,NA,NA,NA,11.9,NA,NA,NA,,NA,NA,,,,NA,,NA,NA,non-vestured,NA,NA,diffuse-porous,simple,fibres,no,RM,,NA,,NA,NA,NA,NA,NA,NA,0.32,W,,10.5,NA,NA,"Durham, North Carolina",USA,35 52' N,79 59'W,,,130,NA,1490,15.6,NA,58.2,TMS,"Way, Domec, Jackson 2013",JC Domec,,130,246,35.867,-79.983,USA,USA_Nc_Durham,"Durham, North Carolina",130,15.6,1490,69.3,59.8,87.6,4.3,6,10.5,15.6,20.1,24,26.2,25.4,21.9,15.9,10.7,6.1,120,123,136,106,137,134,144,140,116,116,100,116,66.8,63.6,62.8,60.7,69.7,72.6,74.7,76,75.7,71.8,68.8,68.6,54.8,57.3,62.2,63.7,61,62.4,61.2,60,60.5,62.9,57,54.4,23.2,19,11.3,2.8,0,0,0,0,0,2.1,9.7,19.5,130,240,206,1490,1113,1127,15.6,14.5,15.2,NA,NA,35.917,-79.917,NA,NA,scale WC,WC,0.89,1.176,1267
,1974,Angiosperm,Salicaceae,Populus,trichocarpa x deltoides clone H11-11,,DR ,,,,,,S,Sa,T,G/E,,NA,0.77,-1.18,NA,NA,NA,NA,S,W,CE,5.6,NA,NA,NA,NA,NA,NA,NA,NA,NA,NA,NA,,NA,NA,,,,NA,,NA,NA,non-vestured,NA,NA,diffuse-porous,simple,fibres,no,,,NA,,NA,NA,0.332,NA,NA,NA,NA,W,,NA,NA,NA,"Edmonton, Alberta",Canada,53 50' N,113 52' W,,,670,NA,,NA,NA,,,Plavcova & Hacke 2012,Uwe Hacke/Lenka Plavcova,DR (drought treatment; codes see Plavcova&Hacke2012),NA,,NA,NA,,,,NA,NA,NA,NA,NA,NA,NA,NA,NA,NA,NA,NA,NA,NA,NA,NA,NA,NA,NA,NA,NA,NA,NA,NA,NA,NA,NA,NA,NA,NA,NA,NA,NA,NA,NA,NA,NA,NA,NA,NA,NA,NA,NA,NA,NA,NA,NA,NA,NA,NA,NA,NA,NA,NA,NA,NA,NA,NA,NA,NA,NA,NA,NA,NA,NA,NA,NA,NA,NA,NA,NA,NA,NA,NA,NA,NA,NA,NA,NA,NA,NA,,,NA,NA,NA
,1975,Angiosperm,Salicaceae,Populus,trichocarpa x deltoides clone H11-11,,DRC ,,,,,,S,Sa,T,G/E,,NA,1.17,-1.38,NA,NA,NA,NA,S,W,CE,7.9,NA,NA,NA,NA,NA,NA,NA,NA,NA,NA,NA,,NA,NA,,,,NA,,NA,NA,non-vestured,NA,NA,diffuse-porous,simple,fibres,no,,,NA,,NA,NA,0.349,NA,NA,NA,NA,W,,NA,NA,NA,"Edmonton, Alberta",Canada,53 50' N,113 52' W,,,670,NA,,NA,NA,,,Plavcova & Hacke 2012,Uwe Hacke/Lenka Plavcova,DRC (drought control),NA,,NA,NA,,,,NA,NA,NA,NA,NA,NA,NA,NA,NA,NA,NA,NA,NA,NA,NA,NA,NA,NA,NA,NA,NA,NA,NA,NA,NA,NA,NA,NA,NA,NA,NA,NA,NA,NA,NA,NA,NA,NA,NA,NA,NA,NA,NA,NA,NA,NA,NA,NA,NA,NA,NA,NA,NA,NA,NA,NA,NA,NA,NA,NA,NA,NA,NA,NA,NA,NA,NA,NA,NA,NA,NA,NA,NA,NA,NA,NA,NA,NA,NA,NA,NA,,,NA,NA,NA
,1976,Angiosperm,Salicaceae,Populus,trichocarpa x deltoides clone H11-11,,SH,,,,,,S,Sa,T,G/E,,NA,1.18,-1.14,NA,NA,NA,NA,S,W,CE,4.8,0.000222117,NA,NA,NA,NA,NA,NA,NA,NA,41.1,NA,,NA,NA,7,,,162,,NA,NA,non-vestured,NA,NA,diffuse-porous,simple,fibres,no,,,NA,,NA,NA,0.318,NA,NA,NA,NA,W,,NA,NA,NA,"Edmonton, Alberta",Canada,53 50' N,113 52' W,,,670,NA,,NA,NA,,,Plavcova et al. 2011; Plavcova & Hacke 2012,Uwe Hacke/Lenka Plavcova,SH (shade treatment),NA,,NA,NA,,,,NA,NA,NA,NA,NA,NA,NA,NA,NA,NA,NA,NA,NA,NA,NA,NA,NA,NA,NA,NA,NA,NA,NA,NA,NA,NA,NA,NA,NA,NA,NA,NA,NA,NA,NA,NA,NA,NA,NA,NA,NA,NA,NA,NA,NA,NA,NA,NA,NA,NA,NA,NA,NA,NA,NA,NA,NA,NA,NA,NA,NA,NA,NA,NA,NA,NA,NA,NA,NA,NA,NA,NA,NA,NA,NA,NA,NA,NA,NA,NA,NA,,,NA,NA,NA
,1977,Angiosperm,Salicaceae,Populus,trichocarpa x deltoides clone H11-11,,SHC ,,,,,,S,Sa,T,G/E,,NA,1.09,-1.53,NA,NA,NA,NA,S,W,CE,6.6,0.000388404,NA,NA,NA,NA,NA,NA,NA,NA,43.1,NA,,NA,NA,7.1,,,230,,NA,NA,non-vestured,NA,NA,diffuse-porous,simple,fibres,no,,,NA,,NA,NA,0.404,NA,NA,NA,NA,W,,NA,NA,NA,"Edmonton, Alberta",Canada,53 50' N,113 52' W,,,670,NA,,NA,NA,,,Plavcova et al. 2011; Plavcova & Hacke 2012,Uwe Hacke/Lenka Plavcova,SHC (shade control),NA,,NA,NA,,,,NA,NA,NA,NA,NA,NA,NA,NA,NA,NA,NA,NA,NA,NA,NA,NA,NA,NA,NA,NA,NA,NA,NA,NA,NA,NA,NA,NA,NA,NA,NA,NA,NA,NA,NA,NA,NA,NA,NA,NA,NA,NA,NA,NA,NA,NA,NA,NA,NA,NA,NA,NA,NA,NA,NA,NA,NA,NA,NA,NA,NA,NA,NA,NA,NA,NA,NA,NA,NA,NA,NA,NA,NA,NA,NA,NA,NA,NA,NA,NA,NA,,,NA,NA,NA
,1978,Angiosperm,Salicaceae,Populus,trichocarpa x deltoides clone H11-11,,F ,,,,,,S,Sa,T,G/E,,NA,1.71,-1.14,NA,NA,NA,NA,S,W,CE,8.3,NA,NA,NA,NA,NA,NA,NA,NA,NA,NA,NA,,NA,NA,,,,NA,,NA,NA,non-vestured,NA,NA,diffuse-porous,simple,fibres,no,,,NA,,NA,NA,0.311,NA,NA,NA,NA,W,,NA,NA,NA,"Edmonton, Alberta",Canada,53 50' N,113 52' W,,,670,NA,,NA,NA,,,Plavcova et al. 2013; Plavcova & Hacke 2012,Uwe Hacke/Lenka Plavcova,F (high N treatment),NA,,NA,NA,,,,NA,NA,NA,NA,NA,NA,NA,NA,NA,NA,NA,NA,NA,NA,NA,NA,NA,NA,NA,NA,NA,NA,NA,NA,NA,NA,NA,NA,NA,NA,NA,NA,NA,NA,NA,NA,NA,NA,NA,NA,NA,NA,NA,NA,NA,NA,NA,NA,NA,NA,NA,NA,NA,NA,NA,NA,NA,NA,NA,NA,NA,NA,NA,NA,NA,NA,NA,NA,NA,NA,NA,NA,NA,NA,NA,NA,NA,NA,NA,NA,NA,,,NA,NA,NA
,1979,Angiosperm,Salicaceae,Populus,trichocarpa x deltoides clone H11-11,,FC ,,,,,,S,Sa,T,G/E,,NA,1.6,-1.42,NA,NA,NA,NA,S,W,CE,7.2,NA,NA,NA,NA,NA,NA,NA,NA,NA,NA,NA,,NA,NA,,,,NA,,NA,NA,non-vestured,NA,NA,diffuse-porous,simple,fibres,no,,,NA,,NA,NA,0.372,NA,NA,NA,NA,W,,NA,NA,NA,"Edmonton, Alberta",Canada,53 50' N,113 52' W,,,670,NA,,NA,NA,,,Plavcova et al. 2013; Plavcova & Hacke 2012,Uwe Hacke/Lenka Plavcova,FC (high N control),NA,,NA,NA,,,,NA,NA,NA,NA,NA,NA,NA,NA,NA,NA,NA,NA,NA,NA,NA,NA,NA,NA,NA,NA,NA,NA,NA,NA,NA,NA,NA,NA,NA,NA,NA,NA,NA,NA,NA,NA,NA,NA,NA,NA,NA,NA,NA,NA,NA,NA,NA,NA,NA,NA,NA,NA,NA,NA,NA,NA,NA,NA,NA,NA,NA,NA,NA,NA,NA,NA,NA,NA,NA,NA,NA,NA,NA,NA,NA,NA,NA,NA,NA,NA,NA,,,NA,NA,NA
,1980,Angiosperm,Salicaceae,Populus,tremuloides,Alberta origin 775,775 AB,,,,,,S,A,T,C,,NA,8.805,-2.263033676,-1.736728186,NA,NA,NA,S,W,CE,1.745105455,0.000266509,NA,-1.933333333,NA,NA,NA,NA,NA,NA,27.60923205,NA,,NA,NA,,,,NA,,NA,NA,non-vestured,NA,NA,diffuse-porous,simple,fibres,no,,,NA,,NA,NA,0.401937862,NA,NA,NA,NA,W,,NA,NA,NA,"Boyle, Alberta",Canada,54 49' N,113 31' W,,,570,NA,,NA,NA,,BOT,Schreiber et al. 2011,Uwe Hacke/Stefan Schreiber,,NA,,NA,NA,,,,NA,NA,NA,NA,NA,NA,NA,NA,NA,NA,NA,NA,NA,NA,NA,NA,NA,NA,NA,NA,NA,NA,NA,NA,NA,NA,NA,NA,NA,NA,NA,NA,NA,NA,NA,NA,NA,NA,NA,NA,NA,NA,NA,NA,NA,NA,NA,NA,NA,NA,NA,NA,NA,NA,NA,NA,NA,NA,NA,NA,NA,NA,NA,NA,NA,NA,NA,NA,NA,NA,NA,NA,NA,NA,NA,NA,NA,NA,NA,NA,NA,,,NA,NA,NA
,1981,Angiosperm,Salicaceae,Populus,tremuloides,Alberta origin 776,776 AB,,,,,,S,A,T,C,,NA,7.66,-2.047737176,-1.45865957,NA,NA,NA,S,W,CE,1.574631531,0.000196977,NA,-1.833333333,NA,NA,NA,NA,NA,NA,26.44329488,NA,,NA,NA,,,,NA,,NA,NA,non-vestured,NA,NA,diffuse-porous,simple,fibres,no,,,NA,,NA,NA,0.41106626,NA,NA,NA,NA,W,,NA,NA,NA,"Boyle, Alberta",Canada,54 49' N,113 31' W,,,570,NA,,NA,NA,,BOT,Schreiber et al. 2011,Uwe Hacke/Stefan Schreiber,,NA,,NA,NA,,,,NA,NA,NA,NA,NA,NA,NA,NA,NA,NA,NA,NA,NA,NA,NA,NA,NA,NA,NA,NA,NA,NA,NA,NA,NA,NA,NA,NA,NA,NA,NA,NA,NA,NA,NA,NA,NA,NA,NA,NA,NA,NA,NA,NA,NA,NA,NA,NA,NA,NA,NA,NA,NA,NA,NA,NA,NA,NA,NA,NA,NA,NA,NA,NA,NA,NA,NA,NA,NA,NA,NA,NA,NA,NA,NA,NA,NA,NA,NA,NA,NA,,,NA,NA,NA
,1982,Angiosperm,Salicaceae,Populus,tremuloides,British Columbia origin 760,760 BC,,,,,,S,A,T,C,,NA,5.9975,-2.443848494,-1.89250917,NA,NA,NA,S,W,CE,1.687828737,0.000357942,NA,-1.8,NA,NA,NA,NA,NA,NA,29.31747757,NA,,NA,NA,,,,NA,,NA,NA,non-vestured,NA,NA,diffuse-porous,simple,fibres,no,,,NA,,NA,NA,0.400113877,NA,NA,NA,NA,W,,NA,NA,NA,"Boyle, Alberta",Canada,54 49' N,113 31' W,,,570,NA,,NA,NA,,BOT,Schreiber et al. 2011,Uwe Hacke/Stefan Schreiber,,NA,,NA,NA,,,,NA,NA,NA,NA,NA,NA,NA,NA,NA,NA,NA,NA,NA,NA,NA,NA,NA,NA,NA,NA,NA,NA,NA,NA,NA,NA,NA,NA,NA,NA,NA,NA,NA,NA,NA,NA,NA,NA,NA,NA,NA,NA,NA,NA,NA,NA,NA,NA,NA,NA,NA,NA,NA,NA,NA,NA,NA,NA,NA,NA,NA,NA,NA,NA,NA,NA,NA,NA,NA,NA,NA,NA,NA,NA,NA,NA,NA,NA,NA,NA,NA,,,NA,NA,NA
,1983,Angiosperm,Salicaceae,Populus,tremuloides,Minnesota origin 791,791 MN,,,,,,S,A,T,C,,NA,10.96875,-2.37573802,-1.89591379,NA,NA,NA,S,W,CE,1.114299739,0.000166466,NA,-1.766666667,NA,NA,NA,NA,NA,NA,25.28733309,NA,,NA,NA,,,,NA,,NA,NA,non-vestured,NA,NA,diffuse-porous,simple,fibres,no,,,NA,,NA,NA,0.419573739,NA,NA,NA,NA,W,,NA,NA,NA,"Boyle, Alberta",Canada,54 49' N,113 31' W,,,570,NA,,NA,NA,,BOT,Schreiber et al. 2011,Uwe Hacke/Stefan Schreiber,,NA,,NA,NA,,,,NA,NA,NA,NA,NA,NA,NA,NA,NA,NA,NA,NA,NA,NA,NA,NA,NA,NA,NA,NA,NA,NA,NA,NA,NA,NA,NA,NA,NA,NA,NA,NA,NA,NA,NA,NA,NA,NA,NA,NA,NA,NA,NA,NA,NA,NA,NA,NA,NA,NA,NA,NA,NA,NA,NA,NA,NA,NA,NA,NA,NA,NA,NA,NA,NA,NA,NA,NA,NA,NA,NA,NA,NA,NA,NA,NA,NA,NA,NA,NA,NA,,,NA,NA,NA
,1984,Angiosperm,Salicaceae,Populus,tremuloides,British Columbia origin 759,759 BC,,,,,,S,A,T,C,,NA,5.60375,-2.10143336,-1.735513855,NA,NA,NA,S,W,CE,1.519528966,0.000287538,NA,-1.633333333,NA,NA,NA,NA,NA,NA,29.39204923,NA,,NA,NA,,,,NA,,NA,NA,non-vestured,NA,NA,diffuse-porous,simple,fibres,no,,,NA,,NA,NA,0.396935979,NA,NA,NA,NA,W,,NA,NA,NA,"Boyle, Alberta",Canada,54 49' N,113 31' W,,,570,NA,,NA,NA,,BOT,Schreiber et al. 2011,Uwe Hacke/Stefan Schreiber,,NA,,NA,NA,,,,NA,NA,NA,NA,NA,NA,NA,NA,NA,NA,NA,NA,NA,NA,NA,NA,NA,NA,NA,NA,NA,NA,NA,NA,NA,NA,NA,NA,NA,NA,NA,NA,NA,NA,NA,NA,NA,NA,NA,NA,NA,NA,NA,NA,NA,NA,NA,NA,NA,NA,NA,NA,NA,NA,NA,NA,NA,NA,NA,NA,NA,NA,NA,NA,NA,NA,NA,NA,NA,NA,NA,NA,NA,NA,NA,NA,NA,NA,NA,NA,NA,,,NA,NA,NA
,1985,Angiosperm,Salicaceae,Populus,tremuloides,Minnesota origin 789,789 MN,,,,,,S,A,T,C,,NA,11.30625,-2.36117836,-1.80382649,NA,NA,NA,S,W,CE,1.089054787,0.000186842,NA,-1.566666667,NA,NA,NA,NA,NA,NA,24.33119279,NA,,NA,NA,,,,NA,,NA,NA,non-vestured,NA,NA,diffuse-porous,simple,fibres,no,,,NA,,NA,NA,0.408299598,NA,NA,NA,NA,W,,NA,NA,NA,"Boyle, Alberta",Canada,54 49' N,113 31' W,,,570,NA,,NA,NA,,BOT,Schreiber et al. 2011,Uwe Hacke/Stefan Schreiber,,NA,,NA,NA,,,,NA,NA,NA,NA,NA,NA,NA,NA,NA,NA,NA,NA,NA,NA,NA,NA,NA,NA,NA,NA,NA,NA,NA,NA,NA,NA,NA,NA,NA,NA,NA,NA,NA,NA,NA,NA,NA,NA,NA,NA,NA,NA,NA,NA,NA,NA,NA,NA,NA,NA,NA,NA,NA,NA,NA,NA,NA,NA,NA,NA,NA,NA,NA,NA,NA,NA,NA,NA,NA,NA,NA,NA,NA,NA,NA,NA,NA,NA,NA,NA,NA,,,NA,NA,NA
,1986,Angiosperm,Salicaceae,Populus,laurifolia x nigra clone Berlin,,48,,,,,,S,A,T,C,,NA,12.98,-1.509095575,-0.82081412,NA,NA,NA,S,W,CE,1.787140872,0.000315945,NA,-1.5,NA,NA,NA,NA,NA,NA,28.12318188,NA,,NA,NA,,,,NA,,NA,NA,non-vestured,NA,NA,diffuse-porous,simple,fibres,no,,,NA,,NA,NA,0.365719531,NA,NA,NA,NA,W,,NA,NA,NA,"Boyle, Alberta",Canada,54 49' N,113 31' W,,,570,NA,,NA,NA,,BOT,Schreiber et al. 2011,Uwe Hacke/Stefan Schreiber,,NA,,NA,NA,,,,NA,NA,NA,NA,NA,NA,NA,NA,NA,NA,NA,NA,NA,NA,NA,NA,NA,NA,NA,NA,NA,NA,NA,NA,NA,NA,NA,NA,NA,NA,NA,NA,NA,NA,NA,NA,NA,NA,NA,NA,NA,NA,NA,NA,NA,NA,NA,NA,NA,NA,NA,NA,NA,NA,NA,NA,NA,NA,NA,NA,NA,NA,NA,NA,NA,NA,NA,NA,NA,NA,NA,NA,NA,NA,NA,NA,NA,NA,NA,NA,NA,,,NA,NA,NA
,1987,Angiosperm,Salicaceae,Populus,balsamifera x euramericana clone 4435,,18,,,,,,S,A,T,C,,NA,11.5725,-1.844535832,-1.231958543,NA,NA,NA,S,W,CE,0.968016134,0.000226966,NA,-1.466666667,NA,NA,NA,NA,NA,NA,28.8290263,NA,,NA,NA,,,,NA,,NA,NA,non-vestured,NA,NA,diffuse-porous,simple,fibres,no,,,NA,,NA,NA,0.432044827,NA,NA,NA,NA,W,,NA,NA,NA,"Boyle, Alberta",Canada,54 49' N,113 31' W,,,570,NA,,NA,NA,,BOT,Schreiber et al. 2011,Uwe Hacke/Stefan Schreiber,,NA,,NA,NA,,,,NA,NA,NA,NA,NA,NA,NA,NA,NA,NA,NA,NA,NA,NA,NA,NA,NA,NA,NA,NA,NA,NA,NA,NA,NA,NA,NA,NA,NA,NA,NA,NA,NA,NA,NA,NA,NA,NA,NA,NA,NA,NA,NA,NA,NA,NA,NA,NA,NA,NA,NA,NA,NA,NA,NA,NA,NA,NA,NA,NA,NA,NA,NA,NA,NA,NA,NA,NA,NA,NA,NA,NA,NA,NA,NA,NA,NA,NA,NA,NA,NA,,,NA,NA,NA
,1988,Angiosperm,Salicaceae,Populus,balsamifera x simonii clone P38P38,,33,,,,,,S,A,T,C,,NA,14.435,-1.662985395,-1.107001437,NA,NA,NA,S,W,CE,1.498595578,0.000444421,NA,-1.266666667,NA,NA,NA,NA,NA,NA,26.40238929,NA,,NA,NA,,,,NA,,NA,NA,non-vestured,NA,NA,diffuse-porous,simple,fibres,no,,,NA,,NA,NA,0.385737224,NA,NA,NA,NA,W,,NA,NA,NA,"Boyle, Alberta",Canada,54 49' N,113 31' W,,,570,NA,,NA,NA,,BOT,Schreiber et al. 2011,Uwe Hacke/Stefan Schreiber,,NA,,NA,NA,,,,NA,NA,NA,NA,NA,NA,NA,NA,NA,NA,NA,NA,NA,NA,NA,NA,NA,NA,NA,NA,NA,NA,NA,NA,NA,NA,NA,NA,NA,NA,NA,NA,NA,NA,NA,NA,NA,NA,NA,NA,NA,NA,NA,NA,NA,NA,NA,NA,NA,NA,NA,NA,NA,NA,NA,NA,NA,NA,NA,NA,NA,NA,NA,NA,NA,NA,NA,NA,NA,NA,NA,NA,NA,NA,NA,NA,NA,NA,NA,NA,NA,,,NA,NA,NA
,1989,Angiosperm,Salicaceae,Populus,deltoides x petrowskyana clone Walker,,24,,,,,,S,A,T,C,,NA,14.6875,-1.972021136,-1.305538229,NA,NA,NA,S,W,CE,1.324845961,0.000323435,NA,-1.233333333,NA,NA,NA,NA,NA,NA,25.40197243,NA,,NA,NA,,,,NA,,NA,NA,non-vestured,NA,NA,diffuse-porous,simple,fibres,no,,,NA,,NA,NA,0.420837541,NA,NA,NA,NA,W,,NA,NA,NA,"Boyle, Alberta",Canada,54 49' N,113 31' W,,,570,NA,,NA,NA,,BOT,Schreiber et al. 2011,Uwe Hacke/Stefan Schreiber,,NA,,NA,NA,,,,NA,NA,NA,NA,NA,NA,NA,NA,NA,NA,NA,NA,NA,NA,NA,NA,NA,NA,NA,NA,NA,NA,NA,NA,NA,NA,NA,NA,NA,NA,NA,NA,NA,NA,NA,NA,NA,NA,NA,NA,NA,NA,NA,NA,NA,NA,NA,NA,NA,NA,NA,NA,NA,NA,NA,NA,NA,NA,NA,NA,NA,NA,NA,NA,NA,NA,NA,NA,NA,NA,NA,NA,NA,NA,NA,NA,NA,NA,NA,NA,NA,,,NA,NA,NA
,1990,Angiosperm,Salicaceae,Populus,deltoides x trichocarpa clone DTAC22,,32,,,,,,S,A,T,C,,NA,7.106666667,-1.595777888,-0.903807286,NA,NA,NA,S,W,CE,1.975850844,0.000317517,NA,-1.133333333,NA,NA,NA,NA,NA,NA,30.43416441,NA,,NA,NA,,,,NA,,NA,NA,non-vestured,NA,NA,diffuse-porous,simple,fibres,no,,,NA,,NA,NA,0.467517695,NA,NA,NA,NA,W,,NA,NA,NA,"Boyle, Alberta",Canada,54 49' N,113 31' W,,,570,NA,,NA,NA,,BOT,Schreiber et al. 2011,Uwe Hacke/Stefan Schreiber,,NA,,NA,NA,,,,NA,NA,NA,NA,NA,NA,NA,NA,NA,NA,NA,NA,NA,NA,NA,NA,NA,NA,NA,NA,NA,NA,NA,NA,NA,NA,NA,NA,NA,NA,NA,NA,NA,NA,NA,NA,NA,NA,NA,NA,NA,NA,NA,NA,NA,NA,NA,NA,NA,NA,NA,NA,NA,NA,NA,NA,NA,NA,NA,NA,NA,NA,NA,NA,NA,NA,NA,NA,NA,NA,NA,NA,NA,NA,NA,NA,NA,NA,NA,NA,NA,,,NA,NA,NA
,1991,Angiosperm,Salicaceae,Populus,deltoides x trichocarpa clone DTAC24,,52,,,,,,S,A,T,C,,NA,7.9375,-1.687138402,-0.909568107,NA,NA,NA,S,W,CE,1.532277176,0.000299853,NA,-1.133333333,NA,NA,NA,NA,NA,NA,30.84874605,NA,,NA,NA,,,,NA,,NA,NA,non-vestured,NA,NA,diffuse-porous,simple,fibres,no,,,NA,,NA,NA,0.459756042,NA,NA,NA,NA,W,,NA,NA,NA,"Boyle, Alberta",Canada,54 49' N,113 31' W,,,570,NA,,NA,NA,,BOT,Schreiber et al. 2011,Uwe Hacke/Stefan Schreiber,,NA,,NA,NA,,,,NA,NA,NA,NA,NA,NA,NA,NA,NA,NA,NA,NA,NA,NA,NA,NA,NA,NA,NA,NA,NA,NA,NA,NA,NA,NA,NA,NA,NA,NA,NA,NA,NA,NA,NA,NA,NA,NA,NA,NA,NA,NA,NA,NA,NA,NA,NA,NA,NA,NA,NA,NA,NA,NA,NA,NA,NA,NA,NA,NA,NA,NA,NA,NA,NA,NA,NA,NA,NA,NA,NA,NA,NA,NA,NA,NA,NA,NA,NA,NA,NA,,,NA,NA,NA
,1992,Angiosperm,Salicaceae,Populus,deltoides x petrowskyana clone Brooks#1,,36,,,,,,S,A,T,C,,NA,13.8725,-1.962084346,-1.42698065,NA,NA,NA,S,W,CE,1.947132387,0.00031254,NA,-1.066666667,NA,NA,NA,NA,NA,NA,27.90391683,NA,,NA,NA,,,,NA,,NA,NA,non-vestured,NA,NA,diffuse-porous,simple,fibres,no,,,NA,,NA,NA,0.398120435,NA,NA,NA,NA,W,,NA,NA,NA,"Boyle, Alberta",Canada,54 49' N,113 31' W,,,570,NA,,NA,NA,,BOT,Schreiber et al. 2011,Uwe Hacke/Stefan Schreiber,,NA,,NA,NA,,,,NA,NA,NA,NA,NA,NA,NA,NA,NA,NA,NA,NA,NA,NA,NA,NA,NA,NA,NA,NA,NA,NA,NA,NA,NA,NA,NA,NA,NA,NA,NA,NA,NA,NA,NA,NA,NA,NA,NA,NA,NA,NA,NA,NA,NA,NA,NA,NA,NA,NA,NA,NA,NA,NA,NA,NA,NA,NA,NA,NA,NA,NA,NA,NA,NA,NA,NA,NA,NA,NA,NA,NA,NA,NA,NA,NA,NA,NA,NA,NA,NA,,,NA,NA,NA